회사명,이벤트수,최초이벤트일,최종이벤트일,match_status,종목코드,상장사명,시장,업종,상장일,상장폐지일,상장폐지사유,검수결과,검수메모
포스코,25,2011-06-28,2024-10-17,current_exact,005490,POSCO홀딩스,KOSPI,,,,,,
한국GM,23,2012-05-30,2026-05-31,exclude,,,,,,,,,
이마트,21,2011-10-10,2026-04-06,current_exact,139480,이마트,KOSPI,,,,,,
LG디스플레이,19,2011-11-23,2026-06-25,current_exact,034220,LG디스플레이,KOSPI,,,,,,
현대중공업,19,2012-10-22,2022-01-13,current_exact,009540,HD한국조선해양,KOSPI,,,,,,
KT,18,2010-01-08,2026-03-30,current_exact,030200,KT,KOSPI,,,,,,
롯데쇼핑,17,2015-07-22,2024-12-13,current_exact,023530,롯데쇼핑,KOSPI,,,,,,
두산,15,2013-02-08,2021-12-06,current_exact,000150,두산,KOSPI,,,,,,
신한은행,15,2014-01-12,2025-12-12,current_exact,055550,신한지주,KOSPI,,,,,,
현대제철,15,2015-05-06,2026-01-20,current_exact,004020,현대제철,KOSPI,,,,,,
LG전자,14,2012-03-12,2026-04-14,current_exact,066570,LG전자,KOSPI,,,,,,
국민은행,14,2010-07-29,2021-01-20,current_exact,105560,KB금융,KOSPI,,,,,,
대우조선,14,2015-07-21,2022-09-26,current_exact,042660,한화오션,KOSPI,,,,,,
대한항공,14,2011-10-18,2026-05-14,current_exact,003490,대한항공,KOSPI,,,,,,
KB국민은행,13,2010-08-09,2024-12-26,current_exact,105560,KB금융,KOSPI,,,,,,
LG화학,12,2016-05-04,2026-04-08,current_exact,051910,LG화학,KOSPI,,,,,,
대우조선해양,12,2013-07-16,2021-01-08,current_exact,042660,한화오션,KOSPI,,,,,,
동국제강,12,2012-06-14,2025-07-25,current_exact,460860,동국제강,KOSPI,,,,,,
롯데케미칼,12,2015-09-16,2025-11-05,current_exact,011170,롯데케미칼,KOSPI,,,,,,
씨티은행,12,2010-11-26,2022-04-28,exclude,,,,,,,,,
아시아나항공,12,2010-04-06,2020-11-02,current_exact,020560,아시아나항공,KOSPI,,,,,,
홈플러스,12,2013-01-15,2026-05-08,exclude,,,,,,,,,
GS리테일,11,2014-09-30,2026-06-23,current_exact,007070,GS리테일,KOSPI,,,,,,
두산그룹,11,2011-03-23,2022-08-16,current_exact,000150,두산,KOSPI,,,,,,
신한카드,11,2013-11-11,2026-04-23,current_exact,055550,신한지주,KOSPI,,,,,,
우리은행,11,2014-03-12,2026-01-07,delisted_exact,000030,우리은행,KOSPI,은행,2014-11-19,2019-02-13,지주회사(최대주주등)의 완전자회사화 등,,
카카오,11,2022-03-21,2026-05-15,current_exact,035720,카카오,KOSPI,,,,,,
하나은행,11,2011-08-19,2026-06-23,current_exact,086790,하나금융지주,KOSPI,,,,,,
SKC,10,2010-09-17,2026-03-16,current_exact,011790,SKC,KOSPI,,,,,,
STX조선해양,10,2013-04-03,2020-06-29,delisted_exact,067250,STX조선해양,KOSPI,운송장비·부품,2003-10-27,2014-04-15,자본전액잠식,,
삼성물산,10,2014-04-03,2020-02-11,current_exact,028260,삼성물산,KOSPI,,,,,,
아모레퍼시픽,10,2020-03-04,2025-12-05,current_exact,090430,아모레퍼시픽,KOSPI,,,,,,
OCI,9,2011-11-07,2020-04-29,current_exact,456040,OCI,KOSPI,,,,,,
두산인프라코어,9,2014-07-28,2017-08-08,delisted_exact,042670,HD현대인프라코어,KOSPI,기계·장비,2001-02-02,2026-01-26,해산 사유 발생,,
르노삼성차,9,2012-08-10,2021-01-20,exclude,,,,,,,,,
삼성,9,2010-04-28,2024-10-02,exclude,,,,,,,,,
삼성전자,9,2011-12-21,2026-04-11,current_exact,005930,삼성전자,KOSPI,,,,,,
유암코,9,2015-10-07,2024-05-30,exclude,,,,,,,,,
CJ제일제당,8,2011-07-15,2017-02-21,current_exact,097950,CJ제일제당,KOSPI,,,,,,
LG생활건강,8,2023-06-02,2026-03-03,current_exact,051900,LG생활건강,KOSPI,,,,,,
금호타이어,8,2010-02-02,2025-05-28,current_exact,073240,금호타이어,KOSPI,,,,,,
르노삼성,8,2012-08-10,2021-01-21,exclude,,,,,,,,,
오비맥주,8,2016-11-03,2024-10-14,exclude,,,,,,,,,
한진해운,8,2011-11-23,2016-08-16,delisted_exact,117930,한진해운,KOSPI,운송·창고,2009-12-29,2017-03-07,해산 사유 발생,,
NHN,7,2010-03-24,2025-06-30,current_exact,181710,NHN,KOSPI,,,,,,
SK네트웍스,7,2013-08-02,2024-11-14,current_exact,001740,SK네트웍스,KOSPI,,,,,,
두산중공업,7,2014-12-04,2022-02-27,current_exact,034020,두산에너빌리티,KOSPI,,,,,,
롯데하이마트,7,2020-03-08,2023-12-05,current_exact,071840,롯데하이마트,KOSPI,,,,,,
삼성중공업,7,2012-12-05,2021-01-14,current_exact,010140,삼성중공업,KOSPI,,,,,,
엔씨소프트,7,2012-06-13,2025-01-23,current_exact,036570,NC,KOSPI,,,,,,
하나금융,7,2010-06-28,2022-02-22,current_exact,086790,하나금융지주,KOSPI,,,,,,
한진,7,2011-01-16,2020-02-07,current_exact,002320,한진,KOSPI,,,,,,
현대상선,7,2013-03-04,2016-12-11,current_exact,011200,HMM,KOSPI,,,,,,
LG유플러스,6,2022-06-09,2025-11-05,current_exact,032640,LG유플러스,KOSPI,,,,,,
대우건설,6,2012-12-05,2024-06-05,current_exact,047040,대우건설,KOSPI,,,,,,
대우증권,6,2010-11-12,2016-04-04,unmatched,,,,,,,,,
대한전선,6,2010-03-11,2013-10-08,current_exact,001440,대한전선,KOSPI,,,,,,
동부그룹,6,2013-11-17,2016-05-16,unmatched,,,,,,,,,
롯데,6,2015-02-18,2024-12-22,unmatched,,,,,,,,,
롯데마트,6,2019-11-20,2026-04-29,current_exact,023530,롯데쇼핑,KOSPI,,,,,,
삼성증권,6,2012-01-31,2015-02-17,current_exact,016360,삼성증권,KOSPI,,,,,,
웅진씽크빅,6,2012-11-12,2025-06-12,current_exact,095720,웅진씽크빅,KOSPI,,,,,,
포스코엠텍,6,2014-09-07,2016-11-01,current_exact,009520,포스코엠텍,KOSDAQ GLOBAL,중견기업부,,,,,
하이투자증권,6,2012-05-07,2022-11-29,current_exact,139130,iM금융지주,KOSPI,,,,,,
하이트진로,6,2012-11-28,2022-11-02,current_exact,000080,하이트진로,KOSPI,,,,,,
한화생명,6,2014-04-09,2022-04-01,current_exact,088350,한화생명,KOSPI,,,,,,
한화케미칼,6,2013-03-21,2017-09-18,current_exact,009830,한화솔루션,KOSPI,,,,,,
BNK금융지주,5,2016-05-01,2025-12-17,current_exact,138930,BNK금융지주,KOSPI,,,,,,
CJ,5,2011-06-29,2020-03-12,current_exact,001040,CJ,KOSPI,,,,,,
KB금융,5,2010-10-29,2022-01-11,current_exact,105560,KB금융,KOSPI,,,,,,
KB손보,5,2015-06-24,2024-07-18,unmatched,,,,,,,,,
KB증권,5,2018-03-07,2024-12-09,unmatched,,,,,,,,,
KCC,5,2012-07-18,2020-08-25,current_exact,002380,KCC,KOSPI,,,,,,
NH농협은행,5,2016-05-17,2025-11-18,exclude,,,,,,,,,
NH투자증권,5,2015-03-10,2016-10-18,current_exact,005940,NH투자증권,KOSPI,,,,,,
SK텔레콤,5,2012-11-26,2026-01-15,current_exact,017670,SK텔레콤,KOSPI,,,,,,
STX,5,2012-11-13,2018-03-08,current_exact,011810,STX,KOSPI,,,,,,
기업은행,5,2010-03-10,2025-08-14,current_exact,024110,기업은행,KOSPI,,,,,,
락앤락,5,2014-09-05,2016-08-02,delisted_exact,115390,락앤락,KOSPI,화학,2010-01-28,2024-12-09,지주회사(최대주주등)의 완전자회사화 등,,
미래에셋생명,5,2014-11-28,2021-03-08,current_exact,085620,미래에셋생명,KOSPI,,,,,,
미래에셋증권,5,2011-01-13,2023-01-06,current_exact,006800,미래에셋증권,KOSPI,,,,,,
삼성SDI,5,2010-08-02,2016-10-27,current_exact,006400,삼성SDI,KOSPI,,,,,,
삼성디스플레이,5,2017-03-22,2020-11-17,current_exact,005930,삼성전자,KOSPI,,,,,,
삼성전기,5,2015-05-14,2016-06-12,current_exact,009150,삼성전기,KOSPI,,,,,,
삼성정밀화학,5,2011-12-12,2016-02-29,current_exact,004000,롯데정밀화학,KOSPI,,,,,,
서울반도체,5,2016-02-03,2020-07-30,current_exact,046890,서울반도체,KOSDAQ GLOBAL,중견기업부,,,,,
알리안츠생명,5,2013-11-29,2016-09-06,unmatched,,,,,,,,,
에이블씨엔씨,5,2015-02-17,2016-04-14,current_exact,078520,에이블씨엔씨,KOSPI,,,,,,
우리금융,5,2010-06-24,2024-09-18,delisted_exact,053000,우리금융,KOSPI,기타금융,2002-06-24,2014-11-19,해산 사유 발생,,
우리투자증권,5,2010-05-17,2014-11-13,current_exact,005940,NH투자증권,KOSPI,,,,,,
이스타항공,5,2019-09-17,2020-10-13,exclude,,,,,,,,,
한진중공업,5,2011-01-07,2019-06-05,current_exact,097230,HJ중공업,KOSPI,,,,,,
11번가,4,2023-11-27,2026-07-06,exclude,,,,,,,,,
LS,4,2013-07-16,2017-10-25,current_exact,006260,LS,KOSPI,,,,,,
SKB,4,2010-08-13,2025-10-29,current_exact,017670,SK텔레콤,KOSPI,,,,,,
SK브로드밴드,4,2010-06-18,2025-12-16,current_exact,017670,SK텔레콤,KOSPI,,,,,,
대성산업,4,2013-11-13,2020-03-20,current_exact,128820,대성산업,KOSPI,,,,,,
대신증권,4,2010-06-08,2016-06-14,current_exact,003540,대신증권,KOSPI,,,,,,
동양,4,2012-12-12,2013-10-04,current_exact,001520,동양,KOSPI,,,,,,
두산건설,4,2010-06-25,2019-04-25,delisted_exact,011160,두산건설,KOSPI,건설,1996-01-30,2020-03-24,지주회사(최대주주등)의 완전자회사화 등,,
롯데면세점,4,2021-09-12,2024-07-12,exclude,,,,,,,,,
롯데칠성음료,4,2016-04-01,2025-12-24,current_exact,005300,롯데칠성,KOSPI,,,,,,
메리츠화재,4,2014-04-15,2024-06-05,delisted_exact,000060,메리츠화재,KOSPI,보험,1956-07-02,2023-02-21,지주회사(최대주주등)의 완전자회사화 등,,
비에이치,4,2015-10-05,2022-02-03,current_exact,090460,비에이치,KOSPI,,,,,,
삼성생명,4,2010-06-14,2014-04-09,current_exact,032830,삼성생명,KOSPI,,,,,,
외환은행,4,2011-08-25,2015-07-06,delisted_exact,004940,외환은행,KOSPI,은행,1994-04-04,2013-04-26,신청에 의한 상장폐지,,
제주항공,4,2019-12-18,2021-05-31,current_exact,089590,제주항공,KOSPI,,,,,,
카카오엔터프라이즈,4,2023-05-14,2025-04-01,current_exact,035720,카카오,KOSPI,,,,,,
팬택,4,2014-02-25,2017-05-12,delisted_exact,025930,팬택,KOSPI,전기·전자,1997-08-27,2007-04-25,자본전액잠식,,
포스코플랜텍,4,2014-09-01,2015-10-24,delisted_exact,051310,포스코플랜텍,KOSPI,건설,2007-11-29,2016-04-15,자본전액잠식,,
하나금융투자,4,2015-11-11,2021-12-23,unmatched,,,,,,,,,
하나투어,4,2017-08-29,2021-03-15,current_exact,039130,하나투어,KOSPI,,,,,,
한화손보,4,2013-11-06,2024-03-04,current_exact,000370,한화손해보험,KOSPI,,,,,,
한화투자증권,4,2013-11-14,2025-05-12,current_exact,003530,한화투자증권,KOSPI,,,,,,
현대자동차,4,2012-01-26,2026-01-26,current_exact,005380,현대차,KOSPI,,,,,,
현대증권,4,2014-06-11,2016-11-14,delisted_exact,003450,현대증권,KOSPI,증권,1975-09-30,2016-11-01,지주회사(최대주주등)의 완전자회사화 등,,
현대해상,4,2016-06-03,2023-09-06,current_exact,001450,현대해상,KOSPI,,,,,,
IBK투자증권,3,2015-12-23,2025-02-06,current_exact,024110,기업은행,KOSPI,,,,,,
KB국민카드,3,2018-01-12,2025-01-07,current_exact,105560,KB금융,KOSPI,,,,,,
RIM,3,2011-07-25,2012-05-30,unmatched,,,,,,,,,
SK플래닛,3,2014-03-14,2026-03-27,unmatched,,,,,,,,,
넥슨,3,2023-08-12,2025-08-05,exclude,,,,,,,,,
농협은행,3,2016-08-11,2022-11-18,exclude,,,,,,,,,
동부,3,2014-08-29,2015-09-24,unmatched,,,,,,,,,
동부건설,3,2014-08-29,2016-03-29,current_exact,005960,동부건설,KOSPI,,,,,,
동부화재,3,2013-11-18,2014-08-27,current_exact,005830,DB손해보험,KOSPI,,,,,,
동양그룹,3,2010-11-16,2013-09-10,unmatched,,,,,,,,,
동양네트웍스,3,2013-01-09,2014-03-16,delisted_exact,030790,비케이탑스,KOSPI,일반서비스,2010-11-02,2024-05-13,감사의견 의견거절 2년 계속,,
디오,3,2015-04-21,2024-08-09,current_exact,039840,디오,KOSDAQ,중견기업부,,,,,
롯데그룹,3,2010-09-15,2024-11-25,current_exact,004990,롯데지주,KOSPI,,,,,,
롯데백화점,3,2020-11-10,2021-09-24,current_exact,023530,롯데쇼핑,KOSPI,,,,,,
롯데온,3,2024-06-05,2026-06-15,current_exact,023530,롯데쇼핑,KOSPI,,,,,,
만도,3,2019-07-02,2020-10-30,current_exact,204320,HL만도,KOSPI,,,,,,
멜파스,3,2015-08-13,2018-02-07,delisted_exact,096640,멜파스,KOSDAQ,IT부품,2009-12-18,2023-07-17,기업의 계속성 및 경영의 투명성 등을 종합적으로 고려하여 상장폐지기준에 해당한다고 결정,,
모두투어,3,2018-11-26,2021-08-10,current_exact,080160,모두투어,KOSDAQ,우량기업부,,,,,
보해양조,3,2011-08-22,2018-12-28,current_exact,000890,보해양조,KOSPI,,,,,,
부산은행,3,2016-09-29,2022-01-07,delisted_exact,005280,부산은행,KOSPI,은행,1972-06-15,2011-03-30,지주회사의 완전자회사화(지주회사 신규상장),,
삼성카드,3,2012-11-15,2019-01-28,current_exact,029780,삼성카드,KOSPI,,,,,,
삼성화재,3,2010-11-08,2017-11-01,current_exact,000810,삼성화재,KOSPI,,,,,,
성동조선,3,2017-06-05,2018-09-03,exclude,,,,,,,,,
신한금융투자,3,2011-05-24,2014-03-25,current_exact,055550,신한지주,KOSPI,,,,,,
신한생명,3,2014-08-22,2018-12-14,current_exact,055550,신한지주,KOSPI,,,,,,
쌍용차,3,2010-08-23,2021-04-15,current_exact,003620,KG모빌리티,KOSPI,,,,,,
엔씨,3,2024-05-09,2025-02-12,current_exact,036570,NC,KOSPI,,,,,,
우리카드,3,2021-12-25,2024-01-21,current_exact,316140,우리금융지주,KOSPI,,,,,,
이랜드,3,2016-11-30,2020-11-17,exclude,,,,,,,,,
인터파크,3,2012-09-06,2024-08-08,delisted_exact,108790,인터파크,KOSDAQ,유통,2014-02-06,2020-07-16,피흡수합병,,
일동제약,3,2023-05-23,2023-12-14,current_exact,249420,일동제약,KOSPI,,,,,,
조선해양,3,2016-04-29,2018-09-14,unmatched,,,,,,,,,
클리오,3,2019-12-12,2026-04-21,current_exact,237880,클리오,KOSDAQ,우량기업부,,,,,
하나카드,3,2015-12-29,2023-01-06,current_exact,086790,하나금융지주,KOSPI,,,,,,
한국SC은행,3,2014-05-29,2015-11-20,exclude,,,,,,,,,
한국씨티은행,3,2014-05-26,2021-10-25,exclude,,,,,,,,,
한국해운연합,3,2017-11-30,2018-03-07,unmatched,,,,,,,,,
한화,3,2015-09-08,2023-11-22,current_exact,000880,한화,KOSPI,,,,,,
한화증권,3,2013-08-22,2013-12-20,unmatched,,,,,,,,,
현대로템,3,2016-01-15,2020-01-16,current_exact,064350,현대로템,KOSPI,,,,,,
현대미포조선,3,2016-06-07,2017-03-24,delisted_exact,010620,HD현대미포,KOSPI,운송장비·부품,1983-12-20,2025-12-15,해산 사유 발생,,
현대일렉트릭,3,2018-08-28,2020-04-28,current_exact,267260,HD현대일렉트릭,KOSPI,,,,,,
현대차그룹,3,2015-12-09,2025-03-03,unmatched,,,,,,,,,
휠라홀딩스,3,2022-08-16,2024-11-06,current_exact,081660,미스토홀딩스,KOSPI,,,,,,
휴맥스,3,2011-12-22,2015-08-27,current_exact,115160,휴맥스,KOSDAQ,중견기업부,,,,,
휴비츠,3,2014-09-19,2015-02-03,current_exact,065510,휴비츠,KOSDAQ,우량기업부,,,,,
흥국생명,3,2017-05-12,2023-06-19,exclude,,,,,,,,,
AJ네트웍스,2,2022-05-25,2023-02-06,current_exact,095570,AJ네트웍스,KOSPI,,,,,,
BC카드,2,2011-12-20,2016-12-28,unmatched,,,,,,,,,
BGF리테일,2,2025-11-10,2026-01-08,current_exact,282330,BGF리테일,KOSPI,,,,,,
CGV,2,2020-03-26,2025-03-09,unmatched,,,,,,,,,
CJ그룹,2,2020-06-21,2025-03-30,unmatched,,,,,,,,,
EDGC,2,2023-05-08,2026-03-23,current_exact,245620,EDGC,KOSDAQ,관리종목(소속부없음),,,,,
GS,2,2012-06-14,2015-05-13,current_exact,078930,GS,KOSPI,,,,,,
GS칼텍스,2,2012-06-20,2014-05-23,unmatched,,,,,,,,,
HMM,2,2022-11-30,2026-02-03,current_exact,011200,HMM,KOSPI,,,,,,
IBK기업은행,2,2015-12-23,2020-12-14,unmatched,,,,,,,,,
KB손해보험,2,2021-06-07,2024-07-18,delisted_exact,002550,KB손해보험,KOSPI,보험,1976-07-05,2017-07-21,지주회사(최대주주등)의 완전자회사화 등,,
KDB생명,2,2017-04-25,2017-09-06,unmatched,,,,,,,,,
KEB하나은행,2,2015-12-23,2019-01-17,unmatched,,,,,,,,,
KT&G,2,2010-07-02,2013-12-19,current_exact,033780,KT&G,KOSPI,,,,,,
LCC,2,2020-02-10,2022-01-21,unmatched,,,,,,,,,
LG그룹,2,2012-05-04,2025-03-09,unmatched,,,,,,,,,
LG이노텍,2,2012-08-08,2019-11-21,current_exact,011070,LG이노텍,KOSPI,,,,,,
LG헬로비전,2,2024-11-06,2025-10-02,current_exact,037560,LG헬로비전,KOSPI,,,,,,
LS네트웍스,2,2013-03-21,2016-09-22,current_exact,000680,LS네트웍스,KOSPI,,,,,,
MBK,2,2017-01-23,2019-05-22,unmatched,,,,,,,,,
NH농협금융,2,2016-08-02,2016-10-27,unmatched,,,,,,,,,
NH농협금융지주,2,2013-07-19,2016-08-02,unmatched,,,,,,,,,
S&T모티브,2,2014-04-22,2014-08-13,unmatched,,,,,,,,,
SC은행,2,2015-11-20,2024-02-14,exclude,,,,,,,,,
SC제일은행,2,2011-12-13,2022-11-15,exclude,,,,,,,,,
SDN,2,2011-12-08,2012-03-12,current_exact,099220,SDN,KOSDAQ,중견기업부,,,,,
SK,2,2013-06-19,2025-01-12,current_exact,034730,SK,KOSPI,,,,,,
SKT,2,2010-11-10,2018-06-27,unmatched,,,,,,,,,
SK그룹,2,2024-07-11,2025-01-12,unmatched,,,,,,,,,
SK온,2,2024-09-26,2026-02-20,unmatched,,,,,,,,,
SK증권,2,2013-11-08,2014-05-08,current_exact,001510,SK증권,KOSPI,,,,,,
SK컴즈,2,2012-10-15,2013-11-29,delisted_exact,066270,SK컴즈,KOSDAQ,인터넷,2003-11-07,2017-02-27,상장폐지신청('17.02.07),,
STX그룹,2,2012-12-15,2013-05-03,unmatched,,,,,,,,,
STX팬오션,2,2011-05-16,2012-09-24,unmatched,,,,,,,,,
iM증권,2,2024-10-04,2024-12-02,unmatched,,,,,,,,,
게임업계,2,2012-12-06,2024-02-13,unmatched,,,,,,,,,
광주은행,2,2013-09-10,2015-07-07,delisted_exact,192530,광주은행,KOSPI,은행,2014-05-22,2018-10-26,지주회사(최대주주등)의 완전자회사화 등,,
교보생명,2,2014-05-23,2021-12-13,unmatched,,,,,,,,,
금융사,2,2010-06-25,2019-03-13,unmatched,,,,,,,,,
금호산업,2,2010-02-02,2011-07-26,unmatched,,,,,,,,,
금호석유화학,2,2012-12-13,2026-01-12,current_exact,011780,금호석유화학,KOSPI,,,,,,
금호아시아나,2,2010-01-03,2011-07-28,unmatched,,,,,,,,,
남양유업,2,2021-06-01,2022-07-21,current_exact,003920,남양유업,KOSPI,,,,,,
대우차판매,2,2010-05-03,2011-01-16,unmatched,,,,,,,,,
대학가,2,2011-10-18,2014-03-29,unmatched,,,,,,,,,
대학생들,2,2015-04-03,2016-04-02,unmatched,,,,,,,,,
데브시스터즈,2,2023-11-07,2026-05-11,current_exact,194480,데브시스터즈,KOSDAQ,중견기업부,,,,,
동부제철,2,2014-06-28,2014-09-11,unmatched,,,,,,,,,
동양그룹주,2,2012-12-12,2013-04-09,unmatched,,,,,,,,,
동양생명,2,2017-10-17,2019-02-12,current_exact,082640,동양생명,KOSPI,,,,,,
두산그룹주,2,2016-01-15,2020-09-07,unmatched,,,,,,,,,
듀폰,2,2015-02-08,2015-12-30,unmatched,,,,,,,,,
롯데웰푸드,2,2025-04-08,2026-02-24,current_exact,280360,롯데웰푸드,KOSPI,,,,,,
롯데지주,2,2025-09-30,2026-05-28,current_exact,004990,롯데지주,KOSPI,,,,,,
롯데카드,2,2016-06-14,2021-12-23,unmatched,,,,,,,,,
롯데홈쇼핑,2,2023-09-07,2023-12-05,unmatched,,,,,,,,,
르노삼성자동차,2,2012-09-10,2014-04-26,exclude,,,,,,,,,
매일유업,2,2012-04-05,2023-08-07,current_exact,267980,매일유업,KOSDAQ,우량기업부,,,,,
미래에셋,2,2010-12-08,2011-07-04,unmatched,,,,,,,,,
미래에셋대우,2,2016-05-25,2019-01-04,unmatched,,,,,,,,,
미스토홀딩스,2,2025-08-18,2025-10-20,current_exact,081660,미스토홀딩스,KOSPI,,,,,,
바른미래,2,2018-07-05,2018-08-08,unmatched,,,,,,,,,
배터리업계,2,2019-03-07,2025-05-13,unmatched,,,,,,,,,
부산교통공사,2,2017-01-20,2017-06-16,unmatched,,,,,,,,,
부산상의,2,2016-09-21,2021-01-25,unmatched,,,,,,,,,
사조그룹,2,2012-10-08,2016-02-25,unmatched,,,,,,,,,
삼성그룹,2,2010-11-09,2014-08-08,unmatched,,,,,,,,,
삼성중,2,2015-08-16,2016-06-16,unmatched,,,,,,,,,
삼일PwC,2,2013-02-08,2025-08-28,unmatched,,,,,,,,,
새마을금고중앙회,2,2015-05-06,2016-07-05,unmatched,,,,,,,,,
세븐일레븐,2,2024-10-15,2025-10-14,unmatched,,,,,,,,,
스탠다드차타드,2,2011-10-06,2015-01-08,unmatched,,,,,,,,,
스텔란티스,2,2023-11-14,2024-07-31,unmatched,,,,,,,,,
시노펙스,2,2016-02-26,2016-05-16,current_exact,025320,시노펙스,KOSDAQ,우량기업부,,,,,
시노펙스그린테크,2,2010-11-04,2011-01-03,delisted_exact,037320,시노펙스그린테크,KOSDAQ,유통,2002-09-17,2012-03-19,피흡수합병,,
신세계,2,2018-02-01,2025-02-06,current_exact,004170,신세계,KOSPI,,,,,,
신한금투,2,2016-05-31,2021-05-11,unmatched,,,,,,,,,
신한지주,2,2010-06-09,2016-05-25,current_exact,055550,신한지주,KOSPI,,,,,,
신화인터텍,2,2012-03-20,2012-07-20,current_exact,056700,신화인터텍,KOSDAQ,중견기업부,,,,,
쌍용건설,2,2012-09-15,2013-06-11,delisted_exact,012650,쌍용건설,KOSDAQ,건설,1993-01-28,2014-04-11,자본전액잠식 등,,
쌍용자동차,2,2010-12-14,2011-03-01,current_exact,003620,KG모빌리티,KOSPI,,,,,,
아디다스,2,2016-01-20,2022-07-18,unmatched,,,,,,,,,
아우디,2,2019-11-27,2025-03-29,unmatched,,,,,,,,,
아일랜드,2,2010-12-15,2011-04-01,unmatched,,,,,,,,,
야권,2,2016-04-21,2016-08-09,unmatched,,,,,,,,,
에쓰오일,2,2020-02-20,2023-01-26,unmatched,,,,,,,,,
여천NCC,2,2025-08-06,2026-03-10,unmatched,,,,,,,,,
오리엔탈정공,2,2016-01-27,2022-05-17,current_exact,014940,오리엔탈정공,KOSDAQ,우량기업부,,,,,
울프스피드,2,2025-05-14,2025-09-09,unmatched,,,,,,,,,
웅진에너지,2,2012-05-02,2013-07-11,delisted_exact,103130,웅진에너지,KOSPI,전기·전자,2010-06-30,2020-06-01,감사의견 의견거절 2년 계속,,
워싱턴포스트,2,2012-02-09,2026-02-08,unmatched,,,,,,,,,
월가,2,2012-05-01,2016-10-30,unmatched,,,,,,,,,
유니온스틸,2,2012-11-20,2014-10-14,delisted_exact,003640,유니온스틸,KOSPI,금속,1973-06-30,2015-01-16,해산 사유 발생,,
이지바이오,2,2011-05-03,2017-06-19,current_exact,353810,이지바이오,KOSDAQ,우량기업부,,,,,
재정부,2,2010-07-22,2013-01-14,unmatched,,,,,,,,,
저축은행주,2,2011-02-17,2012-05-04,unmatched,,,,,,,,,
중진공,2,2016-09-01,2020-09-18,unmatched,,,,,,,,,
채권은행들,2,2010-06-25,2016-01-25,unmatched,,,,,,,,,
철강금속,2,2017-01-20,2017-03-22,unmatched,,,,,,,,,
철강업종,2,2016-10-04,2016-12-28,unmatched,,,,,,,,,
컴투스,2,2013-12-05,2024-01-17,current_exact,078340,컴투스,KOSDAQ GLOBAL,중견기업부,,,,,
코오롱인더,2,2016-08-10,2021-05-04,current_exact,120110,코오롱인더,KOSPI,,,,,,
코카콜라음료,2,2024-12-16,2026-03-03,unmatched,,,,,,,,,
쿠팡,2,2019-05-13,2026-03-17,unmatched,,,,,,,,,
큐브스,2,2015-08-17,2015-11-13,unmatched,,,,,,,,,
타다,2,2020-04-08,2023-06-15,unmatched,,,,,,,,,
태광산업,2,2025-07-14,2025-09-30,current_exact,003240,태광산업,KOSPI,,,,,,
태웅,2,2011-03-07,2013-09-09,current_exact,044490,태웅,KOSDAQ,우량기업부,,,,,
통신업계,2,2010-06-21,2024-11-28,unmatched,,,,,,,,,
티몬,2,2016-07-18,2025-06-16,unmatched,,,,,,,,,
파리크라상,2,2023-11-14,2026-02-03,unmatched,,,,,,,,,
패션업계,2,2017-01-16,2017-11-22,unmatched,,,,,,,,,
포스코퓨처엠,2,2024-08-25,2025-02-25,current_exact,003670,포스코퓨처엠,KOSPI,,,,,,
필립스,2,2010-07-10,2011-10-17,unmatched,,,,,,,,,
하나대투증권,2,2011-04-19,2014-04-16,unmatched,,,,,,,,,
한국금융지주,2,2014-02-25,2024-08-06,current_exact,071050,한국금융지주,KOSPI,,,,,,
한국타이어,2,2015-07-28,2023-04-08,unmatched,,,,,,,,,
한앤컴퍼니,2,2013-11-04,2016-04-26,unmatched,,,,,,,,,
한온시스템,2,2025-02-14,2025-07-07,current_exact,018880,한온시스템,KOSPI,,,,,,
한진그룹,2,2019-11-20,2020-02-07,unmatched,,,,,,,,,
한화그룹,2,2014-12-08,2025-03-18,unmatched,,,,,,,,,
한화솔루션,2,2024-06-10,2025-02-21,current_exact,009830,한화솔루션,KOSPI,,,,,,
한화큐셀,2,2015-12-29,2023-11-22,unmatched,,,,,,,,,
해마로푸드서비스,2,2020-08-11,2020-10-22,unmatched,,,,,,,,,
해운업계,2,2013-11-11,2016-06-14,unmatched,,,,,,,,,
현대그룹,2,2013-12-22,2014-07-17,unmatched,,,,,,,,,
현대라이프,2,2014-11-06,2015-07-01,unmatched,,,,,,,,,
현대모비스,2,2020-11-16,2025-12-09,current_exact,012330,현대모비스,KOSPI,,,,,,
현대에이치씨엔,2,2014-01-14,2019-11-18,unmatched,,,,,,,,,
현대엘리베이터,2,2013-09-24,2016-04-21,current_exact,017800,현대엘리베이터,KOSPI,,,,,,
현대중공업그룹,2,2016-05-09,2020-06-23,unmatched,,,,,,,,,
효성,2,2017-06-12,2018-01-17,current_exact,004800,효성,KOSPI,,,,,,
휠라코리아,2,2017-09-06,2020-01-13,unmatched,,,,,,,,,
3H,1,2011-03-09,2011-03-09,unmatched,,,,,,,,,
AB인베브,1,2016-08-26,2016-08-26,unmatched,,,,,,,,,
AIG손보,1,2015-12-14,2015-12-14,unmatched,,,,,,,,,
BNK부산은행,1,2016-09-29,2016-09-29,unmatched,,,,,,,,,
C&그룹,1,2010-10-27,2010-10-27,unmatched,,,,,,,,,
CJ대한통운,1,2022-08-10,2022-08-10,current_exact,000120,CJ대한통운,KOSPI,,,,,,
CJ바이오사이언스,1,2024-06-14,2024-06-14,current_exact,311690,CJ 바이오사이언스,KOSDAQ,기술성장기업부,,,,,
CJ푸드빌,1,2020-10-20,2020-10-20,unmatched,,,,,,,,,
CJ헬로비전,1,2016-07-05,2016-07-05,unmatched,,,,,,,,,
DB메탈,1,2025-02-10,2025-02-10,unmatched,,,,,,,,,
DGB대구은행-신용보증재단,1,2016-09-09,2016-09-09,unmatched,,,,,,,,,
DGFEZ,1,2010-12-28,2010-12-28,unmatched,,,,,,,,,
DJ,1,2010-08-30,2010-08-30,unmatched,,,,,,,,,
DL이앤씨,1,2022-02-22,2022-02-22,current_exact,375500,DL이앤씨,KOSPI,,,,,,
DS네트웍스,1,2023-04-03,2023-04-03,unmatched,,,,,,,,,
EADS,1,2013-12-10,2013-12-10,unmatched,,,,,,,,,
ECB,1,2011-05-03,2011-05-03,unmatched,,,,,,,,,
EU재무장관,1,2019-06-14,2019-06-14,unmatched,,,,,,,,,
G20정상,1,2012-06-18,2012-06-18,unmatched,,,,,,,,,
GC녹십자,1,2023-11-09,2023-11-09,unmatched,,,,,,,,,
GM회장,1,2018-02-08,2018-02-08,unmatched,,,,,,,,,
GS그룹,1,2013-08-27,2013-08-27,unmatched,,,,,,,,,
G마켓,1,2024-09-27,2024-09-27,unmatched,,,,,,,,,
HD현대오일뱅크,1,2025-10-27,2025-10-27,unmatched,,,,,,,,,
HD현대케미칼,1,2025-11-26,2025-11-26,unmatched,,,,,,,,,
HMC투자증권,1,2014-07-10,2014-07-10,unmatched,,,,,,,,,
IAG,1,2012-11-10,2012-11-10,unmatched,,,,,,,,,
IMF총재,1,2010-06-03,2010-06-03,unmatched,,,,,,,,,
ING,1,2014-11-25,2014-11-25,unmatched,,,,,,,,,
ING생명,1,2014-06-25,2014-06-25,unmatched,,,,,,,,,
IT,1,2012-03-19,2012-03-19,unmatched,,,,,,,,,
IT업계,1,2024-10-16,2024-10-16,unmatched,,,,,,,,,
JT정밀,1,2010-02-22,2010-02-22,unmatched,,,,,,,,,
K-게임,1,2024-01-03,2024-01-03,unmatched,,,,,,,,,
K-철강,1,2026-01-27,2026-01-27,unmatched,,,,,,,,,
KB,1,2010-09-20,2010-09-20,unmatched,,,,,,,,,
KBI국인산업,1,2025-07-23,2025-07-23,unmatched,,,,,,,,,
KB국민,1,2019-01-11,2019-01-11,unmatched,,,,,,,,,
KB라이프생명,1,2025-08-24,2025-08-24,unmatched,,,,,,,,,
KB지주,1,2015-06-05,2015-06-05,unmatched,,,,,,,,,
KB투자,1,2016-06-28,2016-06-28,unmatched,,,,,,,,,
KB투자증권,1,2016-11-30,2016-11-30,unmatched,,,,,,,,,
KCC글라스,1,2025-06-16,2025-06-16,current_exact,344820,KCC글라스,KOSPI,,,,,,
KDB산은,1,2019-04-25,2019-04-25,unmatched,,,,,,,,,
KDB인베,1,2022-11-08,2022-11-08,unmatched,,,,,,,,,
KEB하나,1,2018-08-01,2018-08-01,unmatched,,,,,,,,,
KEC,1,2011-11-14,2011-11-14,current_exact,092220,KEC,KOSPI,,,,,,
KR모터스,1,2017-05-16,2017-05-16,current_exact,000040,KR모터스,KOSPI,,,,,,
KTB투자증권,1,2013-10-07,2013-10-07,unmatched,,,,,,,,,
KTH,1,2013-03-13,2013-03-13,unmatched,,,,,,,,,
KT그룹,1,2012-08-12,2012-08-12,unmatched,,,,,,,,,
KT스카이라이프,1,2024-11-26,2024-11-26,unmatched,,,,,,,,,
KT테크,1,2012-08-13,2012-08-13,unmatched,,,,,,,,,
LB세미콘,1,2025-12-21,2025-12-21,current_exact,061970,LB세미콘,KOSDAQ,중견기업부,,,,,
LCD업계,1,2012-04-02,2012-04-02,unmatched,,,,,,,,,
LF,1,2016-06-03,2016-06-03,current_exact,093050,LF,KOSPI,,,,,,
LG상사,1,2015-02-08,2015-02-08,unmatched,,,,,,,,,
LG하우시스,1,2010-04-22,2010-04-22,unmatched,,,,,,,,,
LH공사,1,2011-02-25,2011-02-25,unmatched,,,,,,,,,
LIG넥스원,1,2016-06-13,2016-06-13,unmatched,,,,,,,,,
LS산전,1,2017-01-19,2017-01-19,unmatched,,,,,,,,,
LS전선,1,2013-05-16,2013-05-16,unmatched,,,,,,,,,
MB,1,2010-05-07,2010-05-07,unmatched,,,,,,,,,
MG손보,1,2014-12-10,2014-12-10,unmatched,,,,,,,,,
NH농협증권,1,2014-05-12,2014-05-12,delisted_exact,016420,NH농협증권,KOSPI,증권,1988-03-28,2015-01-20,해산 사유 발생,,
NH증권,1,2016-07-28,2016-07-28,unmatched,,,,,,,,,
NYT,1,2016-05-26,2016-05-26,unmatched,,,,,,,,,
OBS,1,2017-08-04,2017-08-04,unmatched,,,,,,,,,
ODS,1,2014-05-29,2014-05-29,unmatched,,,,,,,,,
OK금융,1,2025-07-30,2025-07-30,unmatched,,,,,,,,,
P&G,1,2015-10-31,2015-10-31,unmatched,,,,,,,,,
PF배드뱅크,1,2011-04-19,2011-04-19,unmatched,,,,,,,,,
POSCO홀딩스,1,2025-07-04,2025-07-04,current_exact,005490,POSCO홀딩스,KOSPI,,,,,,
S-OIL,1,2020-05-06,2020-05-06,unmatched,,,,,,,,,
S-Oil,1,2021-10-29,2021-10-29,current_exact,010950,S-Oil,KOSPI,,,,,,
SAP코리아,1,2024-04-16,2024-04-16,unmatched,,,,,,,,,
SBS미디어넷,1,2025-11-24,2025-11-24,unmatched,,,,,,,,,
SC그룹,1,2011-02-07,2011-02-07,unmatched,,,,,,,,,
SC금융,1,2013-11-21,2013-11-21,unmatched,,,,,,,,,
SC금융지주,1,2014-08-14,2014-08-14,unmatched,,,,,,,,,
SH,1,2013-03-28,2013-03-28,unmatched,,,,,,,,,
SKIET,1,2026-03-15,2026-03-15,unmatched,,,,,,,,,
SK​ㆍKTB증권,1,2013-11-08,2013-11-08,unmatched,,,,,,,,,
SK가스,1,2025-08-29,2025-08-29,current_exact,018670,SK가스,KOSPI,,,,,,
SK넥실리스,1,2024-05-06,2024-05-06,unmatched,,,,,,,,,
SK스퀘어,1,2024-06-20,2024-06-20,current_exact,402340,SK스퀘어,KOSPI,,,,,,
SK시그넷,1,2025-04-10,2025-04-10,current_exact,260870,SK시그넷,KONEX,일반기업부,,,,,
SK에너지,1,2010-05-25,2010-05-25,unmatched,,,,,,,,,
SK이노베이션,1,2015-05-13,2015-05-13,current_exact,096770,SK이노베이션,KOSPI,,,,,,
SK종합화학,1,2012-02-06,2012-02-06,unmatched,,,,,,,,,
SK커뮤니케이션즈,1,2013-12-02,2013-12-02,unmatched,,,,,,,,,
SK키파운드리,1,2024-05-13,2024-05-13,unmatched,,,,,,,,,
SK파워텍,1,2024-12-03,2024-12-03,unmatched,,,,,,,,,
SK하이닉스,1,2012-07-05,2012-07-05,current_exact,000660,SK하이닉스,KOSPI,,,,,,
SK하이닉스시스템IC,1,2024-12-29,2024-12-29,unmatched,,,,,,,,,
SK해운,1,2026-07-02,2026-07-02,unmatched,,,,,,,,,
SOC,1,2017-10-20,2017-10-20,unmatched,,,,,,,,,
SPC파리크라상,1,2023-11-14,2023-11-14,unmatched,,,,,,,,,
SPP조선,1,2016-07-05,2016-07-05,unmatched,,,,,,,,,
SSG닷컴,1,2024-07-05,2024-07-05,unmatched,,,,,,,,,
STX엔진,1,2013-08-23,2013-08-23,current_exact,077970,STX엔진,KOSPI,,,,,,
TBS,1,2024-01-17,2024-01-17,unmatched,,,,,,,,,
TG삼보컴퓨터,1,2012-07-17,2012-07-17,unmatched,,,,,,,,,
VM웨어,1,2013-01-29,2013-01-29,unmatched,,,,,,,,,
WB,1,2023-06-29,2023-06-29,unmatched,,,,,,,,,
WP,1,2012-02-09,2012-02-09,unmatched,,,,,,,,,
YG엔터,1,2020-02-26,2020-02-26,unmatched,,,,,,,,,
가계부채,1,2016-11-02,2016-11-02,unmatched,,,,,,,,,
가온미디어,1,2019-08-01,2019-08-01,unmatched,,,,,,,,,
간접고용,1,2017-07-03,2017-07-03,unmatched,,,,,,,,,
감독당국,1,2013-07-15,2013-07-15,unmatched,,,,,,,,,
강개공,1,2010-04-09,2010-04-09,unmatched,,,,,,,,,
강스템바이오텍,1,2025-01-24,2025-01-24,current_exact,217730,강스템바이오텍,KOSDAQ,기술성장기업부,,,,,
강원FC,1,2014-11-27,2014-11-27,unmatched,,,,,,,,,
강원도개발공사,1,2011-12-27,2011-12-27,unmatched,,,,,,,,,
강원발전연구원,1,2010-11-30,2010-11-30,unmatched,,,,,,,,,
개미투자자,1,2010-03-08,2010-03-08,unmatched,,,,,,,,,
건설사,1,2010-07-09,2010-07-09,unmatched,,,,,,,,,
건설엔지니어링,1,2013-08-28,2013-08-28,unmatched,,,,,,,,,
경기개발연구원,1,2010-11-01,2010-11-01,unmatched,,,,,,,,,
경기대생들,1,2014-03-25,2014-03-25,unmatched,,,,,,,,,
경기침체,1,2010-06-14,2010-06-14,unmatched,,,,,,,,,
경남기업,1,2013-12-01,2013-12-01,delisted_exact,000800,경남기업,KOSPI,건설,1973-02-12,2015-04-15,자본전액잠식,,
경남도교육청,1,2013-06-25,2013-06-25,unmatched,,,,,,,,,
경남에너지,1,2015-09-21,2015-09-21,delisted_exact,008020,경남에너지,KOSPI,전기·가스,1994-08-12,2016-05-19,신청에 의한 상장폐지,,
경남은행,1,2016-07-01,2016-07-01,delisted_exact,192520,경남은행,KOSPI,은행,2014-05-22,2015-06-23,지주회사(최대주주등)의 완전자회사화 등,,
경력단절,1,2021-07-22,2021-07-22,unmatched,,,,,,,,,
경제계,1,2018-08-22,2018-08-22,unmatched,,,,,,,,,
고령화,1,2018-06-24,2018-06-24,unmatched,,,,,,,,,
고용대란,1,2016-09-18,2016-09-18,unmatched,,,,,,,,,
고용부진,1,2019-02-14,2019-02-14,unmatched,,,,,,,,,
고용시장,1,2016-08-10,2016-08-10,unmatched,,,,,,,,,
골든브릿지자산운용,1,2014-04-01,2014-04-01,unmatched,,,,,,,,,
골든블루,1,2024-08-23,2024-08-23,unmatched,,,,,,,,,
공영홈쇼핑,1,2019-12-12,2019-12-12,unmatched,,,,,,,,,
관세,1,2025-10-20,2025-10-20,unmatched,,,,,,,,,
광주광역시교육청,1,2024-10-02,2024-10-02,unmatched,,,,,,,,,
광주상생카드,1,2022-05-25,2022-05-25,unmatched,,,,,,,,,
광주시교육청,1,2024-10-02,2024-10-02,unmatched,,,,,,,,,
교과-지경부,1,2011-06-16,2011-06-16,unmatched,,,,,,,,,
교과부-지경부,1,2011-06-16,2011-06-16,unmatched,,,,,,,,,
교보문고,1,2023-03-31,2023-03-31,unmatched,,,,,,,,,
교수단체,1,2015-12-14,2015-12-14,unmatched,,,,,,,,,
교육,1,2014-12-22,2014-12-22,unmatched,,,,,,,,,
교통공사,1,2022-12-02,2022-12-02,unmatched,,,,,,,,,
국가R&D,1,2024-01-09,2024-01-09,unmatched,,,,,,,,,
국내철강산업,1,2016-09-29,2016-09-29,unmatched,,,,,,,,,
국도화학,1,2023-06-26,2023-06-26,current_exact,007690,국도화학,KOSPI,,,,,,
국민카드,1,2018-01-16,2018-01-16,delisted_exact,031150,국민카드,KOSDAQ,금융,2000-07-04,2003-10-10,피흡수 합병 (합병기일 : '03.9.30),,
국정기획자문위,1,2017-05-31,2017-05-31,unmatched,,,,,,,,,
국책금융기관,1,2014-01-05,2014-01-05,unmatched,,,,,,,,,
군산해경,1,2013-08-21,2013-08-21,unmatched,,,,,,,,,
그랜드호텔,1,2019-09-06,2019-09-06,unmatched,,,,,,,,,
극동건설,1,2012-12-05,2012-12-05,delisted_exact,000980,극동건설,KOSPI,건설,1976-12-13,2003-10-15,신청에 의한 상장폐지,,
금감원-중기부,1,2017-11-03,2017-11-03,unmatched,,,,,,,,,
금융감독자문위,1,2016-04-20,2016-04-20,unmatched,,,,,,,,,
금융위-중기부,1,2018-03-13,2018-03-13,unmatched,,,,,,,,,
금융위원장,1,2016-06-23,2016-06-23,unmatched,,,,,,,,,
금융주,1,2014-09-25,2014-09-25,unmatched,,,,,,,,,
금융회사,1,2018-07-22,2018-07-22,unmatched,,,,,,,,,
금호,1,2010-01-02,2010-01-02,unmatched,,,,,,,,,
금호건설,1,2010-01-05,2010-01-05,current_exact,002990,금호건설,KOSPI,,,,,,
금호그룹,1,2010-01-26,2010-01-26,unmatched,,,,,,,,,
금호기업,1,2016-05-05,2016-05-05,unmatched,,,,,,,,,
금호석유,1,2012-12-13,2012-12-13,unmatched,,,,,,,,,
금호석화,1,2025-12-26,2025-12-26,unmatched,,,,,,,,,
금호아시아나그룹,1,2010-01-06,2010-01-06,unmatched,,,,,,,,,
금호전기,1,2013-01-07,2013-01-07,current_exact,001210,금호전기,KOSPI,,,,,,
기계업종,1,2017-01-29,2017-01-29,unmatched,,,,,,,,,
기아,1,2019-06-13,2019-06-13,current_exact,000270,기아,KOSPI,,,,,,
기업구조조정촉진법,1,2015-11-25,2015-11-25,unmatched,,,,,,,,,
기업들,1,2015-08-24,2015-08-24,unmatched,,,,,,,,,
기업신용위험,1,2022-02-15,2022-02-15,unmatched,,,,,,,,,
기업인수합병,1,2011-01-20,2011-01-20,unmatched,,,,,,,,,
기업회생,1,2023-12-20,2023-12-20,unmatched,,,,,,,,,
나노캠텍,1,2018-03-02,2018-03-02,unmatched,,,,,,,,,
나이키,1,2023-12-24,2023-12-24,unmatched,,,,,,,,,
남광토건,1,2010-06-15,2010-06-15,current_exact,001260,남광토건,KOSPI,,,,,,
남북경협중단,1,2010-07-01,2010-07-01,unmatched,,,,,,,,,
남유럽국,1,2011-07-19,2011-07-19,unmatched,,,,,,,,,
네오리진,1,2023-03-16,2023-03-16,current_exact,094860,네오리진,KOSDAQ,중견기업부,,,,,
네오위즈,1,2014-07-22,2014-07-22,current_exact,095660,네오위즈,KOSDAQ,우량기업부,,,,,
네오위즈게임즈,1,2012-12-05,2012-12-05,unmatched,,,,,,,,,
넷마블,1,2022-08-11,2022-08-11,current_exact,251270,넷마블,KOSPI,,,,,,
노란봉투법,1,2025-08-24,2025-08-24,unmatched,,,,,,,,,
노랑풍선,1,2021-05-03,2021-05-03,current_exact,104620,노랑풍선,KOSDAQ,중견기업부,,,,,
노무라,1,2018-01-15,2018-01-15,unmatched,,,,,,,,,
노바티스,1,2014-04-22,2014-04-22,unmatched,,,,,,,,,
노사민정협,1,2018-04-10,2018-04-10,unmatched,,,,,,,,,
농협증권,1,2014-05-12,2014-05-12,unmatched,,,,,,,,,
다국적제약사,1,2012-10-12,2012-10-12,unmatched,,,,,,,,,
다올투자증권,1,2022-11-24,2022-11-24,current_exact,030210,다올투자증권,KOSPI,,,,,,
다우케미칼,1,2012-10-25,2012-10-25,unmatched,,,,,,,,,
다원시스,1,2026-01-12,2026-01-12,current_exact,068240,다원시스,KOSDAQ,관리종목(소속부없음),,,,,
다음,1,2013-12-03,2013-12-03,unmatched,,,,,,,,,
당정협의,1,2017-08-18,2017-08-18,unmatched,,,,,,,,,
대구디지털산업진흥원,1,2022-07-13,2022-07-13,unmatched,,,,,,,,,
대구시교육청,1,2020-09-08,2020-09-08,unmatched,,,,,,,,,
대구염색산단,1,2021-08-23,2021-08-23,unmatched,,,,,,,,,
대림산업,1,2010-06-15,2010-06-15,unmatched,,,,,,,,,
대림자동차,1,2017-05-29,2017-05-29,unmatched,,,,,,,,,
대법,1,2018-06-26,2018-06-26,unmatched,,,,,,,,,
대산물산,1,2015-04-01,2015-04-01,unmatched,,,,,,,,,
대상,1,2012-02-16,2012-02-16,current_exact,001680,대상,KOSPI,,,,,,
대선주자여,1,2017-02-08,2017-02-08,unmatched,,,,,,,,,
대우일렉,1,2010-02-01,2010-02-01,unmatched,,,,,,,,,
대우자판,1,2010-05-03,2010-05-03,unmatched,,,,,,,,,
대우조선해양건설,1,2016-07-20,2016-07-20,unmatched,,,,,,,,,
대우증권직원들,1,2015-12-01,2015-12-01,unmatched,,,,,,,,,
대원제약,1,2024-02-21,2024-02-21,current_exact,003220,대원제약,KOSPI,,,,,,
대학구조개력위,1,2011-07-05,2011-07-05,unmatched,,,,,,,,,
대학구조개혁위,1,2011-08-10,2011-08-10,unmatched,,,,,,,,,
대한건설협회,1,2010-06-22,2010-06-22,unmatched,,,,,,,,,
대한유화,1,2025-08-25,2025-08-25,current_exact,006650,대한유화,KOSPI,,,,,,
대한조선,1,2022-05-20,2022-05-20,current_exact,439260,대한조선,KOSPI,,,,,,
대형조선사,1,2016-06-12,2016-06-12,unmatched,,,,,,,,,
더블유아이,1,2019-04-15,2019-04-15,unmatched,,,,,,,,,
델코리아,1,2014-01-14,2014-01-14,unmatched,,,,,,,,,
델타,1,2010-09-02,2010-09-02,unmatched,,,,,,,,,
도개공,1,2011-05-23,2011-05-23,unmatched,,,,,,,,,
도레이케미칼,1,2015-03-18,2015-03-18,delisted_exact,008000,도레이케미칼,KOSPI,화학,1977-06-30,2018-03-20,지주회사(최대주주등)의 완전자회사화 등,,
도이치운용,1,2012-11-13,2012-11-13,unmatched,,,,,,,,,
도이치증권,1,2019-07-23,2019-07-23,unmatched,,,,,,,,,
독신자라면,1,2024-03-22,2024-03-22,unmatched,,,,,,,,,
동강시스타,1,2015-08-03,2015-08-03,unmatched,,,,,,,,,
동부-채권단,1,2014-04-07,2014-04-07,unmatched,,,,,,,,,
동부CNI,1,2015-02-23,2015-02-23,delisted_exact,044640,동부CNI,KOSDAQ,컴퓨터서비스,2001-01-11,2010-11-22,피흡수합병,,
동부그룹주,1,2013-11-18,2013-11-18,unmatched,,,,,,,,,
동부대우전자,1,2015-10-08,2015-10-08,unmatched,,,,,,,,,
동부증권,1,2015-10-13,2015-10-13,unmatched,,,,,,,,,
동아원,1,2015-04-01,2015-04-01,unmatched,,,,,,,,,
동아원그룹,1,2015-04-01,2015-04-01,unmatched,,,,,,,,,
동양매직,1,2013-06-18,2013-06-18,delisted_exact,023020,동양매직,KOSDAQ,전기·전자,2000-07-20,2011-09-14,피흡수합병,,
동양메이저,1,2010-11-15,2010-11-15,unmatched,,,,,,,,,
동양증권,1,2013-12-10,2013-12-10,unmatched,,,,,,,,,
두산밥캣,1,2021-12-07,2021-12-07,current_exact,241560,두산밥캣,KOSPI,,,,,,
두산인프라,1,2015-12-18,2015-12-18,unmatched,,,,,,,,,
두산테스나,1,2024-11-18,2024-11-18,current_exact,131970,두산테스나,KOSDAQ GLOBAL,우량기업부,,,,,
디스플레이,1,2016-05-19,2016-05-19,unmatched,,,,,,,,,
디아이씨,1,2010-05-17,2010-05-17,current_exact,092200,디아이씨,KOSPI,,,,,,
딕스스포팅굿즈,1,2025-11-25,2025-11-25,unmatched,,,,,,,,,
딜로이트안진,1,2017-07-20,2017-07-20,unmatched,,,,,,,,,
라온저축은행,1,2025-07-16,2025-07-16,unmatched,,,,,,,,,
라이브플렉스,1,2014-02-28,2014-02-28,unmatched,,,,,,,,,
락액락,1,2018-08-07,2018-08-07,unmatched,,,,,,,,,
랑세스,1,2015-08-10,2015-08-10,unmatched,,,,,,,,,
로터스,1,2025-04-19,2025-04-19,unmatched,,,,,,,,,
롯데GRS,1,2021-02-10,2021-02-10,unmatched,,,,,,,,,
롯데건설,1,2026-04-13,2026-04-13,unmatched,,,,,,,,,
롯데리츠,1,2020-03-16,2020-03-16,current_exact,330590,롯데리츠,KOSPI,,,,,,
롯데멤버스,1,2025-11-12,2025-11-12,unmatched,,,,,,,,,
롯데물산,1,2026-05-15,2026-05-15,unmatched,,,,,,,,,
롯데백,1,2021-09-24,2021-09-24,unmatched,,,,,,,,,
롯데손보,1,2019-11-29,2019-11-29,unmatched,,,,,,,,,
롯데손해보험,1,2012-12-21,2012-12-21,current_exact,000400,롯데손해보험,KOSPI,,,,,,
롯데월드,1,2010-06-01,2010-06-01,unmatched,,,,,,,,,
롯데자산개발,1,2020-10-27,2020-10-27,unmatched,,,,,,,,,
롯데정밀화학,1,2026-02-05,2026-02-05,current_exact,004000,롯데정밀화학,KOSPI,,,,,,
롯데제과,1,2019-06-06,2019-06-06,unmatched,,,,,,,,,
롯데제과-칠성,1,2019-03-12,2019-03-12,unmatched,,,,,,,,,
롯데컬처웍스,1,2025-11-28,2025-11-28,unmatched,,,,,,,,,
롯데컬쳐웍스,1,2025-11-28,2025-11-28,unmatched,,,,,,,,,
롯데케미칼-HD현대케미칼,1,2025-11-26,2025-11-26,unmatched,,,,,,,,,
롯데푸드,1,2021-11-08,2021-11-08,delisted_exact,002270,롯데푸드,KOSPI,음식료·담배,1973-05-09,2022-07-20,해산 사유 발생,,
롯데호텔,1,2024-11-06,2024-11-06,unmatched,,,,,,,,,
롯데호텔앤리조트,1,2024-11-06,2024-11-06,unmatched,,,,,,,,,
르네사스,1,2012-03-27,2012-03-27,unmatched,,,,,,,,,
르네사스일렉트로닉스,1,2012-05-25,2012-05-25,unmatched,,,,,,,,,
르네사스테크놀로지,1,2019-04-15,2019-04-15,unmatched,,,,,,,,,
르노그룹,1,2021-01-17,2021-01-17,unmatched,,,,,,,,,
리서치인모션,1,2011-07-25,2011-07-25,unmatched,,,,,,,,,
리주그룹,1,2020-12-07,2020-12-07,unmatched,,,,,,,,,
리켐,1,2018-12-11,2018-12-11,unmatched,,,,,,,,,
링크드인,1,2023-10-17,2023-10-17,unmatched,,,,,,,,,
마루자문,1,2012-08-27,2012-08-27,unmatched,,,,,,,,,
마스터카드,1,2015-01-31,2015-01-31,unmatched,,,,,,,,,
말레이항공,1,2014-08-08,2014-08-08,unmatched,,,,,,,,,
머크,1,2011-07-29,2011-07-29,unmatched,,,,,,,,,
메디포스트,1,2017-04-17,2017-04-17,current_exact,078160,메디포스트,KOSDAQ,벤처기업부,,,,,
메리츠종금,1,2011-07-28,2011-07-28,delisted_exact,012420,메리츠종금,KOSPI,기타금융,1994-09-16,2010-04-21,해산 사유 발생,,
메이시스,1,2016-01-07,2016-01-07,unmatched,,,,,,,,,
메탄올,1,2016-05-18,2016-05-18,unmatched,,,,,,,,,
면세업계,1,2025-04-01,2025-04-01,unmatched,,,,,,,,,
면세점,1,2020-09-15,2020-09-15,unmatched,,,,,,,,,
명예퇴직,1,2023-09-27,2023-09-27,unmatched,,,,,,,,,
모린스,1,2013-10-10,2013-10-10,delisted_exact,110310,모린스,KOSDAQ,IT부품,2009-09-25,2014-04-11,자본전액잠식 등,,
모토로라,1,2012-12-10,2012-12-10,unmatched,,,,,,,,,
무협,1,2016-05-22,2016-05-22,unmatched,,,,,,,,,
미국경제,1,2011-09-06,2011-09-06,unmatched,,,,,,,,,
미래에셋자산,1,2011-09-23,2011-09-23,unmatched,,,,,,,,,
미주제강,1,2010-03-30,2010-03-30,delisted_exact,002670,미주제강,KOSDAQ,금속,1995-01-04,2012-04-17,발행한 어음 또는 수표가 주거래은행에 의하여 최종부도로 결정되거나 거래은행에 의한 거래 정지,,
민생경제회의,1,2016-05-14,2016-05-14,unmatched,,,,,,,,,
바이오니아,1,2024-08-22,2024-08-22,current_exact,064550,바이오니아,KOSDAQ,중견기업부,,,,,
바클레이스,1,2014-03-15,2014-03-15,unmatched,,,,,,,,,
박대통령,1,2016-06-13,2016-06-13,unmatched,,,,,,,,,
박원순,1,2011-12-22,2011-12-22,unmatched,,,,,,,,,
반값등록금,1,2011-07-11,2011-07-11,unmatched,,,,,,,,,
방코포풀라르은행,1,2011-11-08,2011-11-08,unmatched,,,,,,,,,
백산,1,2021-06-02,2021-06-02,current_exact,035150,백산,KOSPI,,,,,,
뱅크먼-프리드,1,2022-12-04,2022-12-04,unmatched,,,,,,,,,
뱅크샐러드,1,2023-03-07,2023-03-07,unmatched,,,,,,,,,
버드라이트,1,2023-08-04,2023-08-04,unmatched,,,,,,,,,
버스업계,1,2019-04-28,2019-04-28,unmatched,,,,,,,,,
법원-캠코,1,2015-07-21,2015-07-21,unmatched,,,,,,,,,
베르사체,1,2011-03-30,2011-03-30,unmatched,,,,,,,,,
베스트바이,1,2015-03-29,2015-03-29,unmatched,,,,,,,,,
벽산건설,1,2012-12-30,2012-12-30,delisted_exact,002530,벽산건설,KOSPI,건설,1975-06-30,2014-04-25,공시서류 미제출(사업보고서) 후 10일이내 미제출,,
부동산,1,2015-09-01,2015-09-01,unmatched,,,,,,,,,
부채탕감,1,2017-06-02,2017-06-02,unmatched,,,,,,,,,
블랙락,1,2013-03-19,2013-03-19,unmatched,,,,,,,,,
블랙베리,1,2013-11-26,2013-11-26,unmatched,,,,,,,,,
비상교육,1,2013-05-23,2013-05-23,current_exact,100220,비상교육,KOSPI,,,,,,
비씨카드,1,2017-01-08,2017-01-08,unmatched,,,,,,,,,
비트나인,1,2024-11-01,2024-11-01,unmatched,,,,,,,,,
빅테크,1,2023-03-21,2023-03-21,unmatched,,,,,,,,,
빗썸,1,2019-01-16,2019-01-16,unmatched,,,,,,,,,
빙그레,1,2026-01-14,2026-01-14,current_exact,005180,빙그레,KOSPI,,,,,,
사립대-정부,1,2011-11-02,2011-11-02,unmatched,,,,,,,,,
사모펀드,1,2016-04-27,2016-04-27,unmatched,,,,,,,,,
사측,1,2018-04-18,2018-04-18,unmatched,,,,,,,,,
사피온,1,2024-08-07,2024-08-07,unmatched,,,,,,,,,
산은vs동부,1,2014-10-05,2014-10-05,unmatched,,,,,,,,,
산은금융,1,2010-04-01,2010-04-01,unmatched,,,,,,,,,
삼강엠앤티,1,2012-02-24,2012-02-24,unmatched,,,,,,,,,
삼보컴퓨터,1,2012-07-17,2012-07-17,delisted_exact,014900,삼보컴퓨터,KOSPI,전기·전자,1989-12-19,2007-04-25,자본전액잠식,,
삼성D,1,2017-04-25,2017-04-25,unmatched,,,,,,,,,
삼성SDS,1,2016-11-25,2016-11-25,unmatched,,,,,,,,,
삼성거제호텔,1,2016-06-10,2016-06-10,unmatched,,,,,,,,,
삼성건설,1,2010-06-08,2010-06-08,delisted_exact,002010,삼성건설,KOSPI,,1968-12-28,1996-02-09,해산 사유 발생,,
삼성에버랜드,1,2010-10-15,2010-10-15,unmatched,,,,,,,,,
삼성엔지니어링,1,2013-07-22,2013-07-22,unmatched,,,,,,,,,
삼성전기-디스플레이,1,2014-07-15,2014-07-15,unmatched,,,,,,,,,
삼성중공업-대우조선해양,1,2016-05-16,2016-05-16,unmatched,,,,,,,,,
삼성테크윈,1,2011-04-04,2011-04-04,unmatched,,,,,,,,,
삼양그룹,1,2025-12-04,2025-12-04,unmatched,,,,,,,,,
삼양사,1,2015-03-23,2015-03-23,current_exact,145990,삼양사,KOSPI,,,,,,
삼양홀딩스,1,2015-12-14,2015-12-14,current_exact,000070,삼양홀딩스,KOSPI,,,,,,
삼일회계,1,2010-03-02,2010-03-02,unmatched,,,,,,,,,
삼화고속,1,2012-09-10,2012-09-10,unmatched,,,,,,,,,
삼화저축은행,1,2011-01-14,2011-01-14,unmatched,,,,,,,,,
삼환기업,1,2012-07-09,2012-07-09,delisted_exact,000360,삼환기업,KOSPI,건설,1973-09-03,2015-04-15,자본전액잠식,,
삼환까뮤,1,2012-07-09,2012-07-09,unmatched,,,,,,,,,
상조업계,1,2019-04-25,2019-04-25,unmatched,,,,,,,,,
새마을금고연합회장,1,2010-03-15,2010-03-15,unmatched,,,,,,,,,
새정부,1,2017-05-15,2017-05-15,unmatched,,,,,,,,,
샌드박스,1,2024-03-25,2024-03-25,unmatched,,,,,,,,,
서연탑메탈,1,2019-02-22,2019-02-22,current_exact,019770,서연탑메탈,KOSDAQ,우량기업부,,,,,
서울교통공사,1,2021-06-08,2021-06-08,unmatched,,,,,,,,,
서울식품공업,1,2026-06-17,2026-06-17,unmatched,,,,,,,,,
서울아산병원,1,2024-04-08,2024-04-08,unmatched,,,,,,,,,
서울저축은행,1,2013-02-15,2013-02-15,delisted_exact,016560,서울저축은행,KOSPI,기타금융,1996-11-19,2012-10-17,자본잠식(자본금의 50/100이상 잠식) 2년 계속,,
서울중앙지법-UAMCO,1,2016-06-22,2016-06-22,unmatched,,,,,,,,,
서흥캅셀,1,2011-10-21,2011-10-21,unmatched,,,,,,,,,
석공,1,2011-06-01,2011-06-01,unmatched,,,,,,,,,
석유,1,2017-03-07,2017-03-07,unmatched,,,,,,,,,
선원들,1,2016-05-03,2016-05-03,unmatched,,,,,,,,,
선창산업,1,2020-01-21,2020-01-21,unmatched,,,,,,,,,
성동산업,1,2012-07-06,2012-07-06,unmatched,,,,,,,,,
성장금융,1,2018-08-26,2018-08-26,unmatched,,,,,,,,,
성장률,1,2012-12-09,2012-12-09,unmatched,,,,,,,,,
세아제강,1,2015-05-13,2015-05-13,current_exact,306200,세아제강,KOSPI,,,,,,
세아특수강,1,2016-12-14,2016-12-14,delisted_exact,019440,세아특수강,KOSPI,금속,2011-06-01,2026-02-12,지주회사(최대주주등)의 완전자회사화 등,,
세일즈포스,1,2023-01-04,2023-01-04,unmatched,,,,,,,,,
세진중공업,1,2016-09-06,2016-09-06,current_exact,075580,세진중공업,KOSPI,,,,,,
셀시우스,1,2022-06-27,2022-06-27,unmatched,,,,,,,,,
소비자심리,1,2016-05-26,2016-05-26,unmatched,,,,,,,,,
손절매,1,2016-06-23,2016-06-23,unmatched,,,,,,,,,
솔로몬저축은행,1,2012-04-26,2012-04-26,delisted_exact,007800,솔로몬저축은행,KOSPI,기타금융,1996-11-19,2012-07-25,"기업의 계속성, 경영의 투명성 및 기타 공익과 투자자 보호 등을 종합적으로 고려하여 상장폐지 기준에 해당한다고 결정",,
송원산업,1,2013-06-14,2013-06-14,current_exact,004430,송원산업,KOSPI,,,,,,
수출,1,2010-01-05,2010-01-05,unmatched,,,,,,,,,
쉘라인,1,2011-10-26,2011-10-26,unmatched,,,,,,,,,
슈넬생명과학,1,2013-12-05,2013-12-05,unmatched,,,,,,,,,
스리랑카,1,2024-11-29,2024-11-29,unmatched,,,,,,,,,
스코넥,1,2026-02-09,2026-02-09,current_exact,276040,스코넥,KOSDAQ,관리종목(소속부없음),,,,,
승화프리텍,1,2014-08-26,2014-08-26,delisted_exact,111610,승화프리텍,KOSDAQ,건설,2010-01-06,2016-01-25,"기업의 계속성, 경영의 투명성 또는 그 밖에 코스닥시장의 건전성 등을 종합적으로 고려하여 상장폐지 기준에 해당한다고 결정",,
시멘트업종,1,2012-04-02,2012-04-02,unmatched,,,,,,,,,
시스코시스템즈,1,2022-11-18,2022-11-18,unmatched,,,,,,,,,
시티그룹,1,2023-11-21,2023-11-21,unmatched,,,,,,,,,
시티은행,1,2021-11-11,2021-11-11,unmatched,,,,,,,,,
시프트업,1,2023-07-21,2023-07-21,current_exact,462870,시프트업,KOSPI,,,,,,
식비,1,2016-06-28,2016-06-28,unmatched,,,,,,,,,
신라면세점,1,2025-04-28,2025-04-28,unmatched,,,,,,,,,
신보-기업은행,1,2025-08-14,2025-08-14,unmatched,,,,,,,,,
신세계면세점,1,2024-11-15,2024-11-15,unmatched,,,,,,,,,
신세계인터,1,2020-09-14,2020-09-14,unmatched,,,,,,,,,
신세계인터내셔날,1,2021-12-14,2021-12-14,current_exact,031430,신세계인터내셔날,KOSPI,,,,,,
신용위험평가,1,2026-01-01,2026-01-01,unmatched,,,,,,,,,
신한투자,1,2013-12-10,2013-12-10,unmatched,,,,,,,,,
씨티금융지주,1,2012-09-19,2012-09-19,unmatched,,,,,,,,,
아멕스,1,2013-01-11,2013-01-11,unmatched,,,,,,,,,
아모레,1,2020-11-18,2020-11-18,unmatched,,,,,,,,,
아모레퍼시픽그룹,1,2025-12-05,2025-12-05,unmatched,,,,,,,,,
아웃백,1,2015-04-30,2015-04-30,unmatched,,,,,,,,,
아이엠투자증권,1,2014-03-28,2014-03-28,unmatched,,,,,,,,,
아이티엠반도체,1,2026-01-29,2026-01-29,current_exact,084850,아이티엠반도체,KOSDAQ,중견기업부,,,,,
아인스M&M,1,2011-09-09,2011-09-09,delisted_exact,040740,아인스M&M,KOSDAQ,유통,2004-01-28,2012-05-01,감사의견거절(감사범위 제한 및 계속기업존속 불확실성),,
아주,1,2017-02-20,2017-02-20,unmatched,,,,,,,,,
아주캐피탈,1,2017-08-21,2017-08-21,unmatched,,,,,,,,,
아크솔루션스,1,2025-03-11,2025-03-11,current_exact,203690,아크솔루션스,KOSDAQ,관리종목(소속부없음),,,,,
안동MBC,1,2014-08-22,2014-08-22,unmatched,,,,,,,,,
알리안츠,1,2016-04-26,2016-04-26,unmatched,,,,,,,,,
알파홀딩스,1,2022-10-05,2022-10-05,unmatched,,,,,,,,,
애경그룹,1,2025-09-07,2025-09-07,unmatched,,,,,,,,,
애경산업,1,2026-01-27,2026-01-27,current_exact,018250,애경산업,KOSPI,,,,,,
야놀자,1,2023-09-18,2023-09-18,unmatched,,,,,,,,,
야당,1,2015-09-11,2015-09-11,unmatched,,,,,,,,,
언어,1,2015-11-09,2015-11-09,unmatched,,,,,,,,,
업무중복,1,2012-11-19,2012-11-19,unmatched,,,,,,,,,
에넥스,1,2011-08-25,2011-08-25,current_exact,011090,에넥스,KOSPI,,,,,,
에디슨모터스,1,2022-11-14,2022-11-14,unmatched,,,,,,,,,
에르고다음,1,2014-04-10,2014-04-10,unmatched,,,,,,,,,
에미레이트항공,1,2020-06-01,2020-06-01,unmatched,,,,,,,,,
에스오일,1,2021-03-31,2021-03-31,unmatched,,,,,,,,,
에어서울,1,2016-06-13,2016-06-13,unmatched,,,,,,,,,
에이스생명,1,2014-11-28,2014-11-28,unmatched,,,,,,,,,
에이앤씨바이오홀딩스,1,2011-11-09,2011-11-09,unmatched,,,,,,,,,
에피밸리,1,2010-02-09,2010-02-09,delisted_exact,068630,에피밸리,KOSDAQ,IT부품,2005-10-27,2012-04-24,사업보고서 법정제출기한 익일부터 10일 이내 미제출,,
엑스엘게임즈,1,2023-11-08,2023-11-08,unmatched,,,,,,,,,
엑큐리스,1,2011-07-11,2011-07-11,delisted_exact,048460,엑큐리스,KOSDAQ,IT부품,2000-12-14,2012-11-16,피흡수합병,,
엔스퍼트,1,2011-10-26,2011-10-26,delisted_exact,098400,엔스퍼트,KOSDAQ,통신장비,2008-01-30,2012-07-24,"기업의계속성, 경영의 투명성 또는 기타 코스닥시장의 건전성 등을 종합적으로 고려하여 상장폐지 기준에 해당한다고 결정",,
엔에스엔,1,2017-11-07,2017-11-07,unmatched,,,,,,,,,
엔트리브소프트,1,2013-11-10,2013-11-10,unmatched,,,,,,,,,
엠에스오토텍,1,2015-01-09,2015-01-09,current_exact,123040,엠에스오토텍,KOSDAQ,중견기업부,,,,,
여당,1,2014-09-15,2014-09-15,unmatched,,,,,,,,,
여야3당,1,2016-07-22,2016-07-22,unmatched,,,,,,,,,
여행사,1,2020-11-16,2020-11-16,unmatched,,,,,,,,,
영국은행,1,2011-04-11,2011-04-11,unmatched,,,,,,,,,
예선사업,1,2010-07-06,2010-07-06,unmatched,,,,,,,,,
오리온,1,2017-09-07,2017-09-07,current_exact,271560,오리온,KOSPI,,,,,,
오성엘에스티,1,2013-07-11,2013-07-11,unmatched,,,,,,,,,
오스템임플란트,1,2018-12-16,2018-12-16,delisted_exact,048260,오스템임플란트,KOSDAQ,의료·정밀기기,2007-02-07,2023-08-14,상장폐지 신청('23.06.28),,
오퍼스PE,1,2020-04-01,2020-04-01,unmatched,,,,,,,,,
오펠,1,2012-05-07,2012-05-07,unmatched,,,,,,,,,
온미디어,1,2010-11-08,2010-11-08,delisted_exact,045710,온미디어,KOSPI,일반서비스,2006-07-03,2011-03-22,해산 사유 발생,,
와이디온라인,1,2011-12-20,2011-12-20,unmatched,,,,,,,,,
와이비로드,1,2010-06-21,2010-06-21,unmatched,,,,,,,,,
와이즈파워,1,2013-03-19,2013-03-19,delisted_exact,040670,와이즈파워,KOSDAQ,IT부품,2000-08-18,2015-07-16,자본전액잠식 등,,
왓챠,1,2022-07-27,2022-07-27,unmatched,,,,,,,,,
외국계IT기업,1,2018-01-18,2018-01-18,unmatched,,,,,,,,,
외환캐피탈,1,2013-10-17,2013-10-17,unmatched,,,,,,,,,
요기요,1,2024-08-28,2024-08-28,unmatched,,,,,,,,,
우리아비바생명,1,2014-06-26,2014-06-26,unmatched,,,,,,,,,
우리이티아이,1,2013-02-14,2013-02-14,unmatched,,,,,,,,,
우리자산운용,1,2014-07-29,2014-07-29,unmatched,,,,,,,,,
우방,1,2014-11-12,2014-11-12,unmatched,,,,,,,,,
우이신설선,1,2022-05-29,2022-05-29,unmatched,,,,,,,,,
우정바이오,1,2019-08-14,2019-08-14,current_exact,215380,우정바이오,KOSDAQ,벤처기업부,,,,,
우크라이나,1,2024-07-23,2024-07-23,unmatched,,,,,,,,,
우투,1,2014-05-28,2014-05-28,unmatched,,,,,,,,,
우투증권,1,2014-05-14,2014-05-14,unmatched,,,,,,,,,
울산-경남,1,2016-07-27,2016-07-27,unmatched,,,,,,,,,
울산-전남,1,2017-05-12,2017-05-12,unmatched,,,,,,,,,
울산신용보증재단,1,2016-07-04,2016-07-04,unmatched,,,,,,,,,
울산중소기업,1,2020-07-23,2020-07-23,unmatched,,,,,,,,,
웅진,1,2013-10-03,2013-10-03,current_exact,016880,웅진,KOSPI,,,,,,
웅진케미칼,1,2012-12-04,2012-12-04,unmatched,,,,,,,,,
웅진코웨이,1,2019-10-14,2019-10-14,unmatched,,,,,,,,,
웅진홀딩스,1,2012-10-19,2012-10-19,unmatched,,,,,,,,,
워너뮤직,1,2024-02-08,2024-02-08,unmatched,,,,,,,,,
월드건설,1,2011-02-10,2011-02-10,unmatched,,,,,,,,,
위노바,1,2015-08-13,2015-08-13,delisted_exact,039790,위노바,KOSDAQ,화학,2000-07-25,2018-03-09,기업의 계속성 및 경영의 투명성 등을 종합적으로 고려하여 상장폐지기준에 해당한다고 결정,,
유나이티드테크놀로지스,1,2015-12-11,2015-12-11,unmatched,,,,,,,,,
유나이티드항공,1,2010-07-28,2010-07-28,unmatched,,,,,,,,,
유니드,1,2026-01-27,2026-01-27,current_exact,014830,유니드,KOSPI,,,,,,
유로존,1,2010-11-17,2010-11-17,unmatched,,,,,,,,,
유로화,1,2013-03-26,2013-03-26,unmatched,,,,,,,,,
유암코-기업은행,1,2016-12-13,2016-12-13,unmatched,,,,,,,,,
유일호-이주열,1,2016-05-02,2016-05-02,unmatched,,,,,,,,,
유진투자증권,1,2015-04-14,2015-04-14,current_exact,001200,유진투자증권,KOSPI,,,,,,
유테크,1,2017-07-12,2017-07-12,unmatched,,,,,,,,,
유통가,1,2020-04-10,2020-04-10,unmatched,,,,,,,,,
은성수,1,2017-09-15,2017-09-15,unmatched,,,,,,,,,
은행업,1,2015-12-28,2015-12-28,unmatched,,,,,,,,,
은행업종,1,2012-05-08,2012-05-08,unmatched,,,,,,,,,
은행연,1,2010-08-23,2010-08-23,unmatched,,,,,,,,,
은행주,1,2016-03-10,2016-03-10,unmatched,,,,,,,,,
이데미쓰코산,1,2015-07-31,2015-07-31,unmatched,,,,,,,,,
이랜드리테일,1,2025-05-28,2025-05-28,unmatched,,,,,,,,,
이마트24,1,2025-12-09,2025-12-09,unmatched,,,,,,,,,
이마트에브리데이,1,2024-06-14,2024-06-14,unmatched,,,,,,,,,
이베이,1,2012-10-30,2012-10-30,unmatched,,,,,,,,,
이스타,1,2020-10-14,2020-10-14,unmatched,,,,,,,,,
이엠엘에스아이,1,2010-05-23,2010-05-23,unmatched,,,,,,,,,
이커머스,1,2025-09-04,2025-09-04,unmatched,,,,,,,,,
이통업계,1,2012-07-23,2012-07-23,unmatched,,,,,,,,,
이화산업,1,2013-07-11,2013-07-11,current_exact,000760,이화산업,KOSPI,,,,,,
인원감축,1,2015-03-06,2015-03-06,unmatched,,,,,,,,,
인천UTD,1,2024-12-03,2024-12-03,unmatched,,,,,,,,,
인천경실련,1,2013-07-02,2013-07-02,unmatched,,,,,,,,,
인천교통공사,1,2012-04-09,2012-04-09,unmatched,,,,,,,,,
인천도시개발공사,1,2010-11-01,2010-11-01,unmatched,,,,,,,,,
인천도시공사,1,2015-01-26,2015-01-26,unmatched,,,,,,,,,
인터파크커머스,1,2024-10-23,2024-10-23,unmatched,,,,,,,,,
인터플렉스,1,2010-02-17,2010-02-17,current_exact,051370,인터플렉스,KOSDAQ,우량기업부,,,,,
일본우편,1,2011-02-13,2011-02-13,unmatched,,,,,,,,,
일본제철,1,2020-02-09,2020-02-09,unmatched,,,,,,,,,
일진디스플레이,1,2021-12-28,2021-12-28,unmatched,,,,,,,,,
임금피크제,1,2016-02-11,2016-02-11,unmatched,,,,,,,,,
잇츠한불,1,2019-07-26,2019-07-26,current_exact,226320,잇츠한불,KOSPI,,,,,,
잉크테크,1,2017-11-20,2017-11-20,current_exact,049550,잉크테크,KOSDAQ,우량기업부,,,,,
자동차업계,1,2020-05-31,2020-05-31,unmatched,,,,,,,,,
자안코스메틱,1,2021-05-31,2021-05-31,unmatched,,,,,,,,,
자치단체,1,2016-04-26,2016-04-26,unmatched,,,,,,,,,
장흥,1,2010-05-19,2010-05-19,unmatched,,,,,,,,,
재규어랜드로버,1,2018-12-17,2018-12-17,unmatched,,,,,,,,,
재정개혁,1,2015-05-13,2015-05-13,unmatched,,,,,,,,,
재팬디스플레이,1,2025-07-28,2025-07-28,unmatched,,,,,,,,,
저축은행중앙회,1,2011-08-19,2011-08-19,unmatched,,,,,,,,,
저출산,1,2016-10-02,2016-10-02,unmatched,,,,,,,,,
전교조,1,2026-06-24,2026-06-24,unmatched,,,,,,,,,
전국국공립대학교수연합회,1,2011-08-19,2011-08-19,unmatched,,,,,,,,,
전남개발공사,1,2013-07-18,2013-07-18,unmatched,,,,,,,,,
전남노사민정협,1,2016-06-01,2016-06-01,unmatched,,,,,,,,,
전문계고,1,2010-05-12,2010-05-12,unmatched,,,,,,,,,
전북은행,1,2012-03-26,2012-03-26,delisted_exact,006350,전북은행,KOSPI,은행,1972-03-22,2013-07-18,지주회사의 완전자회사화(지주회사 신규상장),,
전주페이퍼,1,2015-08-03,2015-08-03,unmatched,,,,,,,,,
정부-한은,1,2016-04-29,2016-04-29,unmatched,,,,,,,,,
정유업계,1,2014-07-11,2014-07-11,unmatched,,,,,,,,,
제2금융권,1,2018-09-12,2018-09-12,unmatched,,,,,,,,,
제네시스,1,2023-01-06,2023-01-06,delisted_exact,052640,제네시스,KOSDAQ,컴퓨터서비스,2001-07-31,2009-10-07,"기업의 계속성, 경영의 투명성 또는 기타 코스닥시장의 건전성 등을 종합적으로 고려하여 상장폐지가 필요하다고 인정",,
제약,1,2012-07-09,2012-07-09,unmatched,,,,,,,,,
제이티,1,2020-01-13,2020-01-13,current_exact,089790,제이티,KOSDAQ,벤처기업부,,,,,
제일건설,1,2010-06-29,2010-06-29,unmatched,,,,,,,,,
제일기획,1,2016-11-14,2016-11-14,current_exact,030000,제일기획,KOSPI,,,,,,
제일모직,1,2013-05-06,2013-05-06,delisted_exact,001300,제일모직,KOSPI,화학,1975-05-15,2014-07-15,해산 사유 발생,,
제일저축은행,1,2011-09-06,2011-09-06,delisted_exact,024100,제일저축은행,KOSPI,기타금융,1997-02-12,2011-10-14,자본전액잠식,,
제주관광공사,1,2015-04-20,2015-04-20,unmatched,,,,,,,,,
제주농업기술원,1,2013-03-19,2013-03-19,unmatched,,,,,,,,,
조선3사,1,2016-06-08,2016-06-08,unmatched,,,,,,,,,
조선노련,1,2016-05-19,2016-05-19,unmatched,,,,,,,,,
조선노연,1,2016-05-12,2016-05-12,unmatched,,,,,,,,,
조선산업,1,2019-03-20,2019-03-20,unmatched,,,,,,,,,
조선업종,1,2013-07-08,2013-07-08,unmatched,,,,,,,,,
조선주,1,2016-04-25,2016-04-25,unmatched,,,,,,,,,
종합판단,1,2016-05-13,2016-05-13,unmatched,,,,,,,,,
주류업계,1,2021-12-03,2021-12-03,unmatched,,,,,,,,,
주식매수청구권,1,2014-04-09,2014-04-09,unmatched,,,,,,,,,
주택건설,1,2010-04-26,2010-04-26,unmatched,,,,,,,,,
줄도산,1,2013-08-21,2013-08-21,unmatched,,,,,,,,,
중국당국,1,2024-03-11,2024-03-11,unmatched,,,,,,,,,
중기단체협의회,1,2015-10-28,2015-10-28,unmatched,,,,,,,,,
중기중앙회-금감원,1,2014-04-08,2014-04-08,unmatched,,,,,,,,,
중소조선,1,2016-06-08,2016-06-08,unmatched,,,,,,,,,
중앙건설,1,2010-09-13,2010-09-13,delisted_exact,015110,중앙건설,KOSPI,건설,1994-11-05,2012-12-11,보통주 주가수준미달,,
중앙대생,1,2010-04-08,2010-04-08,unmatched,,,,,,,,,
중형조선사,1,2019-11-24,2019-11-24,unmatched,,,,,,,,,
쥴랩스코리아,1,2020-01-16,2020-01-16,unmatched,,,,,,,,,
증권주,1,2014-07-02,2014-07-02,unmatched,,,,,,,,,
지놈앤컴퍼니,1,2023-11-22,2023-11-22,current_exact,314130,지놈앤컴퍼니,KOSDAQ,기술성장기업부,,,,,
지역건설사,1,2012-07-09,2012-07-09,unmatched,,,,,,,,,
지역중기,1,2016-12-02,2016-12-02,unmatched,,,,,,,,,
진흥기업,1,2011-03-30,2011-03-30,current_exact,002780,진흥기업,KOSPI,,,,,,
참엔지니어링,1,2013-06-13,2013-06-13,current_exact,009310,참엔지니어링,KOSPI,,,,,,
창의자문,1,2012-10-15,2012-10-15,unmatched,,,,,,,,,
채권시장,1,2016-01-03,2016-01-03,unmatched,,,,,,,,,
채권은행단,1,2010-06-25,2010-06-25,unmatched,,,,,,,,,
철강산업,1,2016-03-09,2016-03-09,unmatched,,,,,,,,,
첨단금융,1,2015-12-02,2015-12-02,unmatched,,,,,,,,,
체불임금,1,2016-09-25,2016-09-25,unmatched,,,,,,,,,
추경,1,2016-07-22,2016-07-22,unmatched,,,,,,,,,
축은행,1,2011-03-10,2011-03-10,unmatched,,,,,,,,,
춘래불사춘,1,2015-04-30,2015-04-30,unmatched,,,,,,,,,
카드사,1,2021-03-11,2021-03-11,unmatched,,,,,,,,,
카리스국보,1,2019-09-30,2019-09-30,unmatched,,,,,,,,,
카카오VX,1,2023-09-05,2023-09-05,unmatched,,,,,,,,,
카페베네,1,2013-03-21,2013-03-21,unmatched,,,,,,,,,
캠코-대전지법,1,2017-06-06,2017-06-06,unmatched,,,,,,,,,
캠코-서울중앙지법,1,2015-07-20,2015-07-20,unmatched,,,,,,,,,
컨트롤타워,1,2016-06-08,2016-06-08,unmatched,,,,,,,,,
컨트롤타워도,1,2016-04-30,2016-04-30,unmatched,,,,,,,,,
컴투버스,1,2023-09-21,2023-09-21,unmatched,,,,,,,,,
케이엘티,1,2015-05-14,2015-05-14,unmatched,,,,,,,,,
케이프,1,2015-05-21,2015-05-21,current_exact,064820,케이프,KOSDAQ,우량기업부,,,,,
케이프투자증권,1,2022-11-02,2022-11-02,unmatched,,,,,,,,,
코람코에너지리츠,1,2021-05-24,2021-05-24,unmatched,,,,,,,,,
코로나19,1,2020-03-02,2020-03-02,unmatched,,,,,,,,,
코스닥,1,2013-04-22,2013-04-22,unmatched,,,,,,,,,
코스맥스엔비티,1,2023-01-26,2023-01-26,current_exact,222040,코스맥스엔비티,KOSDAQ,중견기업부,,,,,
코스모그룹,1,2013-01-18,2013-01-18,unmatched,,,,,,,,,
코스모앤컴퍼니,1,2013-01-18,2013-01-18,unmatched,,,,,,,,,
코스모화학,1,2016-09-30,2016-09-30,current_exact,005420,코스모화학,KOSPI,,,,,,
코오롱,1,2011-07-18,2011-07-18,current_exact,002020,코오롱,KOSPI,,,,,,
코오롱FnC,1,2025-09-22,2025-09-22,unmatched,,,,,,,,,
코웨이,1,2013-02-18,2013-02-18,current_exact,021240,코웨이,KOSPI,,,,,,
코웰패션,1,2022-12-22,2022-12-22,unmatched,,,,,,,,,
크레디트스위스,1,2012-11-26,2012-11-26,unmatched,,,,,,,,,
크레딧스위스,1,2011-07-28,2011-07-28,unmatched,,,,,,,,,
클락슨,1,2017-04-11,2017-04-11,unmatched,,,,,,,,,
클래스101,1,2023-02-21,2023-02-21,unmatched,,,,,,,,,
클루넷,1,2011-07-10,2011-07-10,delisted_exact,067130,클루넷,KOSDAQ,컴퓨터서비스,2002-06-17,2012-06-08,"기업의 계속성, 경영의 투명성 또는 기타 코스닥시장의 건전성 등을 종합적으로 고려하여 상장폐지 기준에 해당한다고 결정",,
타임오프제,1,2010-05-03,2010-05-03,unmatched,,,,,,,,,
타타대우상용차,1,2020-10-05,2020-10-05,unmatched,,,,,,,,,
타타스틸,1,2013-04-29,2013-04-29,unmatched,,,,,,,,,
태양광,1,2012-04-18,2012-04-18,unmatched,,,,,,,,,
태양광산업,1,2013-03-21,2013-03-21,unmatched,,,,,,,,,
태양광주,1,2012-05-02,2012-05-02,unmatched,,,,,,,,,
태영건설,1,2024-01-11,2024-01-11,current_exact,009410,태영건설,KOSPI,,,,,,
텔루스,1,2017-08-16,2017-08-16,unmatched,,,,,,,,,
토니모리,1,2019-05-23,2019-05-23,current_exact,214420,토니모리,KOSPI,,,,,,
토박스코리아,1,2026-03-13,2026-03-13,current_exact,215480,토박스코리아,KOSDAQ,중견기업부,,,,,
톰슨로이터,1,2016-11-02,2016-11-02,unmatched,,,,,,,,,
통합산은,1,2013-08-28,2013-08-28,unmatched,,,,,,,,,
티메프,1,2024-08-09,2024-08-09,unmatched,,,,,,,,,
티브로드,1,2017-04-28,2017-04-28,unmatched,,,,,,,,,
파나텍,1,2024-08-18,2024-08-18,unmatched,,,,,,,,,
파라다이스,1,2022-02-18,2022-02-18,current_exact,034230,파라다이스,KOSPI,,,,,,
파라다이스시티,1,2020-07-14,2020-07-14,unmatched,,,,,,,,,
파인텍,1,2017-10-23,2017-10-23,current_exact,131760,파인텍,KOSDAQ,벤처기업부,,,,,
팔고,1,2015-08-18,2015-08-18,unmatched,,,,,,,,,
팬오션,1,2013-06-07,2013-06-07,current_exact,028670,팬오션,KOSPI,,,,,,
팹리스,1,2012-05-08,2012-05-08,unmatched,,,,,,,,,
페르노리카코리아,1,2016-05-29,2016-05-29,unmatched,,,,,,,,,
페퍼저축은행,1,2025-01-17,2025-01-17,unmatched,,,,,,,,,
평산,1,2010-12-30,2010-12-30,delisted_exact,089480,평산,KOSDAQ,금속,2006-08-22,2012-04-13,감사의견거절(감사범위제한),,
평화당,1,2019-08-29,2019-08-29,unmatched,,,,,,,,,
포럼오래,1,2014-11-27,2014-11-27,unmatched,,,,,,,,,
포스코건설,1,2016-09-30,2016-09-30,unmatched,,,,,,,,,
포스코그룹,1,2016-07-20,2016-07-20,unmatched,,,,,,,,,
포스코대우,1,2018-04-25,2018-04-25,unmatched,,,,,,,,,
포스코에너지,1,2016-06-01,2016-06-01,unmatched,,,,,,,,,
포스코켐텍,1,2014-06-12,2014-06-12,unmatched,,,,,,,,,
포스코홀딩스,1,2025-04-25,2025-04-25,unmatched,,,,,,,,,
포에버21,1,2019-10-17,2019-10-17,unmatched,,,,,,,,,
폭스바겐그룹,1,2026-06-19,2026-06-19,unmatched,,,,,,,,,
폭염,1,2016-08-31,2016-08-31,unmatched,,,,,,,,,
폼팩터,1,2010-06-17,2010-06-17,unmatched,,,,,,,,,
푸르덴셜,1,2020-12-13,2020-12-13,unmatched,,,,,,,,,
푸르덴셜생명,1,2020-12-14,2020-12-14,unmatched,,,,,,,,,
푸르덴셜증권,1,2010-07-14,2010-07-14,unmatched,,,,,,,,,
푸르밀,1,2022-10-28,2022-10-28,unmatched,,,,,,,,,
푸에르토리코전력청,1,2015-06-02,2015-06-02,unmatched,,,,,,,,,
프라임사업,1,2016-03-30,2016-03-30,unmatched,,,,,,,,,
핀다,1,2026-05-19,2026-05-19,unmatched,,,,,,,,,
하나금융투자-대륙아주,1,2016-03-28,2016-03-28,unmatched,,,,,,,,,
하나생명,1,2013-10-22,2013-10-22,unmatched,,,,,,,,,
하나에프앤아이,1,2022-02-22,2022-02-22,unmatched,,,,,,,,,
하이닉스반도체,1,2012-03-12,2012-03-12,unmatched,,,,,,,,,
하이마트,1,2022-12-12,2022-12-12,unmatched,,,,,,,,,
하이원리조트,1,2012-06-27,2012-06-27,unmatched,,,,,,,,,
하이트-진로그룹,1,2010-11-18,2010-11-18,unmatched,,,,,,,,,
학계,1,2016-05-31,2016-05-31,unmatched,,,,,,,,,
한계기업,1,2013-10-07,2013-10-07,unmatched,,,,,,,,,
한국-중국,1,2015-11-02,2015-11-02,unmatched,,,,,,,,,
한국금융,1,2015-02-27,2015-02-27,unmatched,,,,,,,,,
한국닛산,1,2019-09-30,2019-09-30,unmatched,,,,,,,,,
한국다케다제약,1,2020-06-12,2020-06-12,unmatched,,,,,,,,,
한국선급,1,2016-09-29,2016-09-29,unmatched,,,,,,,,,
한국씨티,1,2012-09-18,2012-09-18,unmatched,,,,,,,,,
한국씨티금융,1,2012-09-19,2012-09-19,unmatched,,,,,,,,,
한국일보,1,2014-01-15,2014-01-15,unmatched,,,,,,,,,
한국자산신탁,1,2025-02-11,2025-02-11,current_exact,123890,한국자산신탁,KOSPI,,,,,,
한국전력공사,1,2014-06-27,2014-06-27,unmatched,,,,,,,,,
한국투자증권,1,2017-03-24,2017-03-24,unmatched,,,,,,,,,
한국해양조선,1,2019-06-02,2019-06-02,unmatched,,,,,,,,,
한나라,1,2011-05-24,2011-05-24,unmatched,,,,,,,,,
한라,1,2015-12-24,2015-12-24,unmatched,,,,,,,,,
한라홀딩스,1,2019-05-16,2019-05-16,unmatched,,,,,,,,,
한신평,1,2017-03-29,2017-03-29,unmatched,,,,,,,,,
한전산업,1,2014-11-12,2014-11-12,current_exact,130660,한전산업,KOSPI,,,,,,
한화-DL,1,2025-12-12,2025-12-12,unmatched,,,,,,,,,
한화손해보험,1,2013-11-06,2013-11-06,current_exact,000370,한화손해보험,KOSPI,,,,,,
한화손해사정,1,2015-01-28,2015-01-28,unmatched,,,,,,,,,
한화오션,1,2023-06-07,2023-06-07,current_exact,042660,한화오션,KOSPI,,,,,,
한화이글스,1,2019-02-15,2019-02-15,unmatched,,,,,,,,,
항공주,1,2019-12-09,2019-12-09,unmatched,,,,,,,,,
해성옵틱스,1,2021-09-09,2021-09-09,current_exact,076610,해성옵틱스,KOSDAQ,벤처기업부,,,,,
해수부,1,2017-09-05,2017-09-05,unmatched,,,,,,,,,
해수부장관,1,2015-12-03,2015-12-03,unmatched,,,,,,,,,
핸디소프트,1,2020-01-21,2020-01-21,current_exact,220180,핸디소프트,KOSDAQ,벤처기업부,,,,,
행자부,1,2015-03-02,2015-03-02,unmatched,,,,,,,,,
현대ENG,1,2025-12-10,2025-12-10,unmatched,,,,,,,,,
현대그룹주,1,2013-12-23,2013-12-23,unmatched,,,,,,,,,
현대면세점,1,2025-04-01,2025-04-01,unmatched,,,,,,,,,
현대산업,1,2011-05-06,2011-05-06,unmatched,,,,,,,,,
현대상선-한진해운,1,2015-11-09,2015-11-09,unmatched,,,,,,,,,
현대선물,1,2012-09-24,2012-09-24,unmatched,,,,,,,,,
현대스틸파이프,1,2025-12-24,2025-12-24,unmatched,,,,,,,,,
현대엘리,1,2016-04-21,2016-04-21,unmatched,,,,,,,,,
현대오일뱅크,1,2013-08-13,2013-08-13,unmatched,,,,,,,,,
현대자원개발,1,2015-02-13,2015-02-13,unmatched,,,,,,,,,
현대중그룹,1,2016-05-22,2016-05-22,unmatched,,,,,,,,,
현대카드,1,2018-11-06,2018-11-06,unmatched,,,,,,,,,
현중그룹,1,2016-05-23,2016-05-23,unmatched,,,,,,,,,
홈캐스트,1,2025-06-19,2025-06-19,current_exact,064240,홈캐스트,KOSDAQ,벤처기업부,,,,,
홍준표,1,2014-12-23,2014-12-23,unmatched,,,,,,,,,
화이자,1,2010-05-19,2010-05-19,unmatched,,,,,,,,,
화인베스틸,1,2015-08-03,2015-08-03,current_exact,133820,화인베스틸,KOSPI,,,,,,
화장품업체,1,2018-11-18,2018-11-18,unmatched,,,,,,,,,
황해경제자유구역,1,2011-12-09,2011-12-09,unmatched,,,,,,,,,
효성첨단소재,1,2021-08-05,2021-08-05,unmatched,,,,,,,,,
휘라포토닉스,1,2014-08-20,2014-08-20,unmatched,,,,,,,,,
휠라,1,2024-11-05,2024-11-05,unmatched,,,,,,,,,
흥국화재,1,2022-05-09,2022-05-09,current_exact,000540,흥국화재,KOSPI,,,,,,
흥아해운,1,2016-09-02,2016-09-02,current_exact,003280,흥아해운,KOSPI,,,,,,
흥아해운-장금상선,1,2018-03-28,2018-03-28,unmatched,,,,,,,,,
힐러비,1,2023-06-06,2023-06-06,unmatched,,,,,,,,,
